{
	"HotlineMiamiHudOptionsButtonTitleID" : "Hotline Miami Hud Color Options",
	"HotlineMiamiHudOptionsButtonDescID" : "Change the color of this HUD element to your own liking",
	"HotlineMiamiHudColorOption" : "Change the color of this HUD element to your own liking",
	"HotlineMiamiHudAssaultTitleID" : "Assault Panel",
	"HotlineMiamiHudCustodyTitleID" : "Custody Panel",
	"HotlineMiamiHudObjectivesTitleID" : "Objectives Panel",
	"HotlineMiamiHudPresenterTitleID" : "Presenter Panel",
	"HotlineMiamiHudWaypointTitleID" : "Waypoints",
	"HotlineMiamiHudTeamTitleID" : "Team Panel",

    "HotlineMiamiHudTimerTitleID" : "Heist timer",
	"HotlineMiamiHudInteractionTitleID" : "Interaction text",
	"HotlineMiamiHudHintTitleID" : "Hint text",
	"HotlineMiamiHudSubTitleID" : "Subtitles text",

	"HotlineMiamiHudAssaultTextTitleID" : "Assault text",
	"HotlineMiamiHudCasingTextTitleID" : "Casing text",
	"HotlineMiamiHudCasingIconTitleID" : "Casing icon",
	"HotlineMiamiHudNoReturnTextTitleID" : "Point of no return text",
	"HotlineMiamiHudNoReturnIconTitleID" : "Point of no return icon",
	"HotlineMiamiHudNoReturnTimerTitleID" : "Point of no return timer",
	"HotlineMiamiHudHoldoutTextTitleID" : "Holdout text",
	"HotlineMiamiHudCaptainTextTitleID" : "Captain winters text",
	"HotlineMiamiHudCaptainBuffIconTitleID" : "Captain winters buff icon",
	"HotlineMiamiHudHostagesTextTitleID" : "Hostages text",
	"HotlineMiamiHudHostagesIconTitleID" : "Hostages Icon",
	"HotlineMiamiHudWavesIconTitleID" : "Waves icon",
	"HotlineMiamiHudWavesTextTitleID" : "Waves text",
	"HotlineMiamiHudECMUpgradeIconTitleID" : "ECM upgrade icon",
	"HotlineMiamiHudECMIconTitleID" : "ECm timer icon",
	"HotlineMiamiHudECMTextTitleID" : "ECM timer text",
	
	"HotlineMiamiHudCustodyReleasedTitleID" : "Custody released text",
	"HotlineMiamiHudCustodyTimerTitleID" : "Custody timer",
	"HotlineMiamiHudCivillansTitleID" : "Civillans killed text",
	"HotlineMiamiHudTradeTitleID" : "Trade text",
	
	"HotlineMiamiHudDownedTextTitleID" : "Downed text",
	"HotlineMiamiHudDownedTimerTitleID" : "Downed timer",
	
	"HotlineMiamiHudObjectiveTextTitleID" : "Objective text",
	"HotlineMiamiHudObjectiveIconTitleID" : "Objective icon",
	"HotlineMiamiHudObjectiveAmountTitleID" : "Objective loot amount",
	
	"HotlineMiamiHudPresenterTitleTitleID" : "Presenter title",
	"HotlineMiamiHudPresenterTextTitleID" : "Presenter text",
	
	"HotlineMiamiHudWaypointIconTitleID" : "Waypoint Icon",
	"HotlineMiamiHudWaypointDistTitleID" : "Waypoint distance",
	"HotlineMiamiHudWaypointArrowTitleID" : "Waypoint arrow",
	
	"HotlineMiamiHudGrenadeIconTitleID" : "Grenades icon",
	"HotlineMiamiHudGrenadeTextTitleID" : "Grenade amount",
	"HotlineMiamiHudEquipmentIconTitleID" : "Equipment Icon",
	"HotlineMiamiHudEquipmentTextTitleID" : "Equipment Amount",
	"HotlineMiamiHudCabletiesIconTitleID" : "Cable ties Icon",
	"HotlineMiamiHudCabletiesTextTitleID" : "Cable ties text",
	"HotlineMiamiHudPrimFiremodeTitleID" : "Primary firemode",
	"HotlineMiamiHudSecFiremodeTitleID" : "Secondary firemode",
	"HotlineMiamiHudLowAmmoTitleID" : "Low ammo",
	"HotlineMiamiHudTotalAmmoTitleID" : "Total ammo",
	"HotlineMiamiHudClipAmmoTitleID" : "Current ammo",
	
	"HotlineMiamiHudPlayer1TitleID" : "Player 1",
	"HotlineMiamiHudPlayer2TitleID" : "Player 2",
	"HotlineMiamiHudPlayer3TitleID" : "Player 3",
	"HotlineMiamiHudPlayer4TitleID" : "Player 4",
	"HotlineMiamiHudPlayerAiTitleID" : "Bot",
	"HotlineMiamiHudSystemTitleID" : "System"
}