{
	"hud_instruct_mask_on" : "",
	"hmh_title" : "Hotline Miami Hud",
	"hmh_desc" : "Some options requires a restart to take effect",

	"hud_scale_title" : "Hud Scale",
    "hud_scale_desc" : "Change the hud size.",
   
    "mod_overrides_title" : "Enable Mod Overrides Updates",
    "mod_overrides_desc" : "Mod Overrides are custom textures and font that change the menu to Hotline Miami.\nWhen changed, a game restart is required to take effect.",
	"mod_font_title" : "Custom Text Font",
	"mod_font_desc" : "Enables the custom pixel font.\nWhen changed, a game restart is required to take effect.",

	"hmh_hud_title" : "Player/Team panels",
	"hmh_hud_desc" : "Customize the player and team panels",
	"PLAYER_down_title" : "Show player down counter",
	"PLAYER_down_desc" : "Display your own down counter in the hud.",
	"TEAM_down_title" : "Show teammate down counter",
	"TEAM_down_desc" : "Display down counter in the hud for teammates.",
	"color_name_title" : "Colored Name Panels",
	"color_name_desc" : "",
	"interact_info_title" : "Teammate Interaction Text",
	"interact_info_desc" : "",
	"color_bag_title" : "Colored Bag Icon",
	"color_bag_desc" : "",
	"pickups_title" : "Colored Pickup Items",
	"pickups_desc" : "",
	"equipment_title" : "Colored Equipment",
	"equipment_desc" : "",
	"ammo_title" : "Custom Ammo",
	"ammo_desc" : "Custom ammo color and animation.",
	"trueammo_title" : "Use Real Ammo",
	"trueammo_desc" : "Shows ammo left, not taking the rounds in your current magazine into account.",
	"bulletstorm_title" : "Bulletstorm Indicator",
	"bulletstorm_desc" : "",
	"screen_effect_title" : "Ability Screen Effects",
	"screen_effect_desc" : "Will make the screen flash when swan song or the kingpin injector is active.",	
	"health_texture_title" : "Custom Health Texture",
	"health_texture_desc" : "Enable a custom health texture.",
	"color_title" : "Custom Name and Chat Colors",
	"color_desc" : "Enable the custom chat colors.",

	"hmh_waypoints_title" : "Waypoints",
	"hmh_waypoints_desc" : "Customize Wayponts.",
	"waypoints_title" : "Custom waypoints",
	"waypoints_desc" : "Enable custom colored waypoints.",
	"greenciv_title" : "Green Civilian Pacified Marker",
	"greenciv_desc" : "Civilians that are pacified will have a green ! marker above them.",

	"hmh_timer_title" : "Heist Timer",
	"hmh_timer_desc" : "Customize the heist timer.",
	"timer_title" : "Custom Heist Timer",
	"timer_desc" : "Enable the custom colored heist timer.",

	"hmh_presenter_title" : "Presenter Panel",
	"hmh_presenter_desc" : "Customize the presenter panel.",
	"presenter_title" : "Custom Presenter Panel",
	"presenter_desc" : "Enable the custom colored presenter panel.",

	"hmh_interact_title" : "Interaction",
	"hmh_interact_desc" : "Customize the interaction settings.",
	"interact_title" : "Custom Interaction Text",
	"interact_desc" : "Enable the custom colored interaction text.",
	"interact_texture_title" : "Custom Interaction Texture",
	"interact_texture_desc" : "Enable a custom interaction texture.",
	"toggle_interact_title" : "Toggle Interaction",
	"toggle_interact_desc" : "Pick the duration of an interaction for the toggle interact to lock (0 = disabled)",
	"interupt_interact_title" : "Equipment Interupt key",
	"interupt_interact_desc" : "Will interupt the interaction by clickin the interaction button.",
	"stealth_c4_title" : "Shaped Charge Suppression",
	"stealth_c4_desc" : "When checked, you need to doubletap to deploy shaped charges in stealth. \nOnly to prevent accidents.",
	"pager_outline_title" : "Remove Pager Contour",
	"pager_outline_desc" : "Remove the pager contour, if it is already getting answered.",	
	"interact_icons_title" : "Hud interaction icons",
	"interact_icons_desc" : "Enable the custom colored interaction icons (saw, picklock, c4 and etc).\nWhen changed, a game restart is required to take effect.",	

	"hmh_hint_title" : "Hint Text",
	"hmh_hint_desc" : "Customize the hint text.",
	"hint_title" : "Custom Hint Text",
	"hint_desc" : "Enable the custom colored hint text.",
	"inspire_title" : "Inspire Cooldown Hint",
	"inspire_desc" : "Displays a hint message with the remaining cooldown time.",
	
	"hmh_suspicion_title" : "Suspicion Meter",
	"hmh_suspicion_desc" : "Customize the suspicion meter.",
	"suspicion_title" : "Custom Suspicion Meter",
	"suspicion_desc" : "Adds a custom colored suspicion meter.\nWhen changed, a game restart is required to take effect.",

	"hmh_downed_title" : "Custody And Downed Text",
	"hmh_downed_desc" : "Customize the downed and custody text.",
	"downed_title" : "Custom Downed Text",
	"downed_desc" : "Enable the custom colored downed text.",
	"custody_title" : "Custom Custody Text",
	"custody_desc" : "Enable the custom colored custody text.",

	"hmh_carry_title" : "Carry Panel",
	"hmh_carry_desc" : "Customize the carry panel.",
	"carry_title" : "Custom Carry Panel",
	"carry_desc" : "Enable the custom carry panel.",

	"hmh_assault_title" : "Assault Panel",
	"hmh_assault_desc" : "Customize the assault panel.",
	"assault_title" : "Custom Assault Panel",
	"assault_desc" : "Enable the custom assault panel.",
	"infoboxes_title" : "Ecm Timer",
	"infoboxes_desc" : "Enable an ECM timer in stealth",
	"pager_jam_title" : "Upgraded ECM Icon",
	"pager_jam_desc" : "Displays an icon on the ecm timer when it blocks pagers.",

	"hmh_objective_title" : "Objective Panel",
	"hmh_objective_desc" : "Customize the objective panel.",
	"objective_title" : "Custom Objective Panel",
	"objective_desc" : "Enable the custom objective panel.",
	"combo_title" : "Combo Counter",
	"combo_desc" : "Enable a hotline miami styled combo counter.",

	"hmh_subs_title" : "Subtitle Text",
	"hmh_subs_desc" : "Customize the subtitles.",
	"subs_title" : "Custom Subtitle Text",
	"subs_desc" : "Enable the custom subtitles.",

	"hmh_menu_options_title" : "Menu Options",
	"hmh_menu_options_desc" : "Customize the menu.",
	"menu_color_title" : "Custom Menu Colors",
	"menu_color_desc" : "Enable the custom menu colors.",
	"skip_blackscreen_title" : "Skip Blackscreen",
	"skip_blackscreen_desc" : "Automatically skips the blackscreen on mission start.",
	"skip_xp_title" : "Stat Screen Delay",
	"skip_xp_desc" : "Proceeds X seconds, after your EXP got counted.\n(0 = disabled)",
	"pick_card_title" : "Auto pick card",
	"pick_card_desc" : "Automatically pick a card, when the loot screen is displayed",
	"skip_card_title" : "Card Screen Delay",
	"skip_card_desc" : "Automatically skip loot screen.\n(0 = disabled)",
	"tab_title" : "Custom Tabstats",
	"tab_desc" : "Enable tabstats changes.",	

	"hmh_custom_chat_title" : "Chat Panel",
	"hmh_custom_chat_desc" : "Customize the chat.",
	"custom_chat_title" : "Custom Chat",
	"custom_chat_desc" : "Enable the custom hud chat."
}
