{
	"hud_instruct_mask_on" : "",
	"hud_int_hold_grab_the_bag" : "Hold $INTERACT to grab the $BAG",
	"hmh_dialog_force_start_title" : "Force start game?",
	"hmh_dialog_force_start_desc" : "Are you sure you want to force the game to start?",
	"hmh_hud_assault_assault" : "Assault in progress",
	"hmh_inspire_cooldown_text" : "Inspire still has a cooldown of",
	"hmh_int_locked" : "PRESS $BTN_CANCEL TO INTERRUPT",
	"hmh_int_locked_pager" : "PRESS $BTN_CANCEL TO INTERRUPT\n(TRIGGERS ALARM)",
	"hmh_hud_stats_enemies_dominated" : "ENEMIES CUFFED",

	"hmh_title" : "Hotline Miami Hud",
	"hmh_desc" : "Hotline Miami Hud options",

	"hud_scale_title" : "Hud Scale",
    "hud_scale_desc" : "Change the hud size.",
   
    "mod_overrides_title" : "Enable Mod Overrides Updates",
    "mod_overrides_desc" : "Mod Overrides are custom textures that change the menu to Hotline Miami.\nWhen changed, a game restart is required to take effect.",
	"mod_font_title" : "Custom Text Font",
	"mod_font_desc" : "Enables the custom pixel font.\nWhen changed, a game restart is required to take effect.",
	"combo_title" : "Combo Counter",
	"combo_desc" : "Enable a hotline miami styled combo counter.",
	"headshot_mark_title" : "Headshot Indicator",
	"headshot_mark_desc" : "Displays a hitmark when killing enemies with headshots.",
	

	"hmh_hud_title" : "Player/Team",
	"hmh_hud_desc" : "Customize the player and team panels",
	"PLAYER_down_title" : "Show player down counter",
	"PLAYER_down_desc" : "Display your own down counter in the hud.",
	"TEAM_down_title" : "Show teammate down counter",
	"TEAM_down_desc" : "Display down counter in the hud for teammates.",
	"colored_downs_title" : "Colored Downcounter",
	"colored_downs_desc" : "Disable this to use the default white downcounter.",
	"voice_title" : "Team Voice Chat Icon",
	"voice_desc" : "Display an icon when a player is talking in-game.",
	"color_name_title" : "Colored Name Panels",
	"color_name_desc" : "",
	"color_condition_title" : "Colored Condition Icon",
	"color_condition_desc" : "",
	"interact_info_title" : "Teammate Interaction Text",
	"interact_info_desc" : "",
	"color_bag_title" : "Colored Bag Icon",
	"color_bag_desc" : "",
	"pickups_title" : "Colored Pickup Items",
	"pickups_desc" : "",
	"equipment_title" : "Colored Equipment",
	"equipment_desc" : "",
	"ammo_title" : "Custom Ammo",
	"ammo_desc" : "Custom ammo color and animation.",
	"trueammo_title" : "Use Real Ammo",
	"trueammo_desc" : "Shows ammo left, not taking the rounds in your current magazine into account.",
	"ping_title" : "Show Player Ping",
	"ping_desc" : "Displays the players ping by their name panels.",
	"bulletstorm_title" : "Bulletstorm Indicator",
	"bulletstorm_desc" : "Display a infinite symbol on the ammo when bulletstorm is active.",
	"stamina_title" : "Stamina Circle",
	"stamina_desc" : "Display a stamina circle in the hud.",
	"screen_effect_title" : "Ability Screen Effects",
	"screen_effect_desc" : "Will make the screen flash when swan song or the kingpin injector is active.",	
	"health_texture_title" : "Custom Health Texture",
	"health_texture_desc" : "Enable a custom health texture.\nWhen changed, a game restart is required to take effect.",
	"color_title" : "Custom Name and Chat Colors",
	"color_desc" : "Enable the custom chat colors.",
	"downed_title" : "Custom Downed Text",
	"downed_desc" : "Enable the custom colored downed text at the top of the screen.",
	"custody_title" : "Custom Custody Text",
	"custody_desc" : "Enable the custom colored custody text when taken into custody(civillian killed/time).",
	"stop_ai_title" : "Stop ai icon",
	"stop_ai_desc" : "Use a custom ai stop symbol",

	"hmh_custom_chat_title" : "Chat",
	"hmh_custom_chat_desc" : "Customize the chat.",
	"custom_chat_title" : "Custom Chat",
	"custom_chat_desc" : "Enable the custom chat.",

	"hmh_tab_title" : "Tabstats",
	"hmh_tab_desc" : "Customize the tabstats panel.",
	"tab_title" : "Custom Tabstats",
	"tab_desc" : "Enable tabstats changes.",
	"custom_tab_color_title" : "Custom tabstats colors",
	"custom_tab_color_desc" : "Colorize the tabstats menu",
	"enemy_count_title" : "Enemy counter",
	"enemy_count_desc" : "Shows the amount of enemies on the map",

	"hmh_waypoints_title" : "Waypoints",
	"hmh_waypoints_desc" : "Customize Wayponts.",
	"waypoints_title" : "Custom waypoints",
	"waypoints_desc" : "Enable custom colored waypoints.",
	"waypoint_alpha_title" : "Waypoint Opacity",
	"waypoint_alpha_desc" : "Choose a value for how translucent the waypoint markers will be",
	"greenciv_title" : "Green Civilian Pacified Marker",
	"greenciv_desc" : "Civilians that are pacified will have a green ! marker above them.",

	"hmh_timer_title" : "Timer",
	"hmh_timer_desc" : "Customize the heist timer.",
	"timer_title" : "Custom Heist Timer",
	"timer_desc" : "Enable the custom colored heist timer.",

	"hmh_presenter_title" : "Presenter",
	"hmh_presenter_desc" : "Customize the presenter panel.",
	"presenter_title" : "Custom Presenter Panel",
	"presenter_desc" : "Enable the custom colored presenter panel.",

	"hmh_interact_title" : "Interaction",
	"hmh_interact_desc" : "Customize the interaction settings.",
	"interact_title" : "Custom Interaction Text",
	"interact_desc" : "Enable the custom colored interaction text.",
	"interact_texture_title" : "Interaction Texture",
	"interact_texture_desc" : "Choose what Interaction Texture to use.\nWhen changed, a game restart is required to take effect.",
	"default_interact" : "Default Circle",
	"50bl_interact" : "50 blessings",
	"pink_interact" : "Pink Circle",
	"hm2_interact" : "Wrong Number",
	"toggle_interact_title" : "Toggle Interaction",
	"toggle_interact_desc" : "Pick the duration of an interaction for the toggle interact to lock (0 = disabled)",
	"interupt_interact_title" : "Equipment Interupt key",
	"interupt_interact_desc" : "Will interupt the interaction by clickin the interaction button.",
	"interupt_interact_hint_title" : "Show Interrupt Hint",
	"interupt_interact_hint_desc" : "Show a text to remind you, which button will interrupt your Interaction.",
	"stealth_c4_title" : "Shaped Charge Suppression",
	"stealth_c4_desc" : "When checked, you need to doubletap to deploy shaped charges in stealth. \nOnly to prevent accidents.",
	"interact_icons_title" : "Hud interaction icons",
	"interact_icons_desc" : "Enable the custom colored interaction icons (saw, picklock, c4 and etc).\nWhen changed, a game restart is required to take effect.",	

	"hmh_hint_title" : "Hints",
	"hmh_hint_desc" : "Customize the hint text.",
	"hint_title" : "Custom Hint Text",
	"hint_desc" : "Enable the custom colored hint text.",
	"inspire_title" : "Inspire Cooldown Hint",
	"inspire_desc" : "Displays a hint message with the remaining cooldown time.",
	
	"hmh_suspicion_title" : "Suspicion",
	"hmh_suspicion_desc" : "Customize the suspicion meter.",
	"suspicion_title" : "Custom Suspicion Meter",
	"suspicion_desc" : "Adds a custom colored suspicion meter.\nWhen changed, a game restart is required to take effect.",

	"hmh_carry_title" : "Carrying",
	"hmh_carry_desc" : "Customize the carry panel.",
	"carry_title" : "Custom Carry Panel",
	"carry_desc" : "Enable the custom carry panel.",
	"carry_value_title" : "Show loot value",
	"carry_value_desc" : "Display the value of the loot being carried \n(Requires custom carry panel to be enabled).",

	"hmh_assault_title" : "Assault",
	"hmh_assault_desc" : "Customize the assault panel.",
	"assault_title" : "Custom Assault Panel",
	"assault_desc" : "Enable the custom assault panel.",
	"infoboxes_title" : "Ecm Timer",
	"infoboxes_desc" : "Enable an ECM timer in stealth",
	"pager_jam_title" : "Upgraded ECM Icon",
	"pager_jam_desc" : "Displays an icon on the ecm timer when it blocks pagers.",

	"hmh_objective_title" : "Objective",
	"hmh_objective_desc" : "Customize the objective panel.",
	"objective_title" : "Custom Objective Panel",
	"objective_desc" : "Enable the custom objective panel.",

	"hmh_subs_title" : "Subtitle",
	"hmh_subs_desc" : "Customize the subtitles.",
	"subs_title" : "Custom Subtitle Text",
	"subs_desc" : "Enable the custom subtitles.",

	"hmh_menu_options_title" : "Menu Options",
	"hmh_menu_options_desc" : "Customize the menu.",
	"menu_color_title" : "Custom Menu Colors",
	"menu_color_desc" : "Enable the custom menu colors.",
	"skip_blackscreen_title" : "Skip Blackscreen",
	"skip_blackscreen_desc" : "Automatically skips the blackscreen on mission start.",
	"skip_xp_title" : "Stat Screen Delay",
	"skip_xp_desc" : "Proceeds X seconds, after your EXP got counted.\n(0 = disabled)",
	"pick_card_title" : "Auto pick card",
	"pick_card_desc" : "Automatically pick a card, when the loot screen is displayed",
	"skip_card_title" : "Card Screen Delay",
	"skip_card_desc" : "Automatically skip loot screen.\n(0 = disabled)",	
	"custom_filter_title" : "Custom Menu Color Grading",
	"custom_filter_desc" : "This will disable the default blue menu color filter. The menu color grading can be changed in the games video options under advanced settings.",
	
	"custom_menu_background_title" : "Menu Background",
	"custom_menu_background_desc" : "Choose what background to use.\nWhen changed, a game restart is required to take effect.",
	"default_background" : "Default",
	"custom_background" : "Classic Purple",
	"no_confirm_title" : "No Confirm Dialogs",
	"no_confirm_desc" : "Remove some of the >Are you sure< messages when navigating menus",
	"crew_loadout_tab_title" : "Crew Loadout on Tabscreen",
	"crew_loadout_tab_desc" : "Displays the Skills, Perk and current Ping of players in your lobby.",
	"crew_loadout_title" : "Crew Loadout in Lobby",
	"crew_loadout_desc" : "Adds a button to your Lobby screen, that can display the loadout of you and your crew.",
	"crew_loadout_briefing_title" : "Crew Loadout in Briefing",
	"crew_loadout_briefing_desc" : "Replaces the default Crew Loadout Panel in Mission briefing.",
	"profile_menu_title" : "Replace Profile Menu",
	"profile_menu_desc" : "Replaces the default Profile-Selector with WolfHUDs advanced one.",
	
	"extracted_preplanning_save" : "Save Plan",
	"extracted_preplanning_load" : "Load Plan",
	"extracted_preplanning_reset" : "Reset Plan",
	"extracted_preplanning_reset_all" : "Reset All",
	"extracted_preplanning_delete" : "Delete Plan",
	"extracted_preplanning_save_tooltip_title" : "Save current Plan:",
	"extracted_preplanning_save_tooltip_desc" : "Save your current Plan, and have an easier time next time on this mission.",
	"extracted_preplanning_load_tooltip_title" : "Load last Plan:",
	"extracted_preplanning_load_tooltip_desc" : "Opens a menu with all your saved plans.",
	"extracted_preplanning_reset_tooltip_title" : "Reset current Plan:",
	"extracted_preplanning_reset_tooltip_desc" : "Removes all your assets from the current plan, as well as your votes.",
	"extracted_preplanning_reset_all_tooltip_title" : "Reset complete Plan:",
	"extracted_preplanning_reset_all_tooltip_desc" : "Removes everyones assets from the current plan, as well as your votes.",
	"extracted_preplanning_delete_tooltip_title" : "Delete saved Plan",
	"extracted_preplanning_delete_tooltip_desc" : "Clean up your saved plans and delete a few.",
	"extracted_preplanning_manager_title" : "Preplanning Manager",
	"extracted_preplanning_error_no_saved_plans" : "No saved Plans found.",
	"extracted_preplanning_error_max_plans_reached" : "Maximum amount of saved Plans reached.",
	"extracted_preplanning_votes_title" : "Votes:",
	"extracted_preplanning_assets_title" : "Assets:",
	"extracted_preplanning_dialog_save" : "Save Plan?",
	"extracted_preplanning_dialog_save_desc" : "$PLAN\n\n\nPlease enter a name for this plan.\n(Using an existing name will overwrite that plan.)",
	"extracted_preplanning_dialog_delete" : "Delete Plan?",
	"extracted_preplanning_dialog_delete_desc" : "Are you sure you want to delete Plan '$NAME'?",
	"extracted_preplanning_msg_saved_success" : "Current plan was saved successfully.",
	"extracted_preplanning_msg_saved_failed" : "An error occurred while saving plan.",
	"extracted_preplanning_msg_no_save_slot" : "Maximum amount of saved Plans reached.",
	"extracted_preplanning_msg_no_current_plan" : "You have nothing planned, that can be saved.",
	"extracted_preplanning_msg_loaded_success" : "Plan was loaded successfully.",
	"extracted_preplanning_msg_loaded_failed" : "An error occurred while loading plan.",
	"extracted_preplanning_msg_loaded_partitially" : "Plan was loaded partially: $ERRORMSG",
	"extracted_preplanning_msg_loaded_missing_skill" : "Missing a Skill",
	"extracted_preplanning_msg_loaded_missing_favours" : "Not enough favours",
	"extracted_preplanning_msg_loaded_missing_money" : "Not enough money",
	"extracted_preplanning_msg_reseted_success" : "Current Plan reset.",
	"extracted_preplanning_msg_reseted_failed" : "An error occurred while resetting current plan.",
	"extracted_preplanning_msg_deleted_success" : "Plan was deleted successfully.",
	"extracted_preplanning_msg_deleted_failed" : "An error occurred while deleting saved plan.",
	"extracted_preplanning_msg_folder_creation_failed" : "Failed to create folder: $FOLDER \nPlease make sure the game has the required permissions or create it manually.",
	"extracted_preplanning_msg_file_creation_failed" : "Failed to create file: $FILE \nPlease make sure the game has the required permissions or create it manually.",
	"extracted_dialog_save" : "Save",
	
	"HotlineMiamiHudOptionsButtonTitleID" : "Hotline Miami Hud Color Options",
	"HotlineMiamiHudOptionsButtonDescID" : "Change the color of this HUD element to your own liking",
	"HotlineMiamiHudColorOption" : "Change the color of this HUD element to your own liking",
	"HotlineMiamiHudAssaultTitleID" : "Assault Panel",
	"HotlineMiamiHudCustodyTitleID" : "Custody Panel",
	"HotlineMiamiHudObjectivesTitleID" : "Objectives Panel",
	"HotlineMiamiHudPresenterTitleID" : "Presenter Panel",
	"HotlineMiamiHudWaypointTitleID" : "Waypoints",
	"HotlineMiamiHudTeamTitleID" : "Team Panel",
	

    "HotlineMiamiHudTimerTitleID" : "Heist timer",
	"HotlineMiamiHudInteractionTitleID" : "Interaction text",
	"HotlineMiamiHudHintTitleID" : "Hint text",
	"HotlineMiamiHudSubTitleID" : "Subtitles text",

	"HotlineMiamiHudAssaultTextTitleID" : "Assault text",
	"HotlineMiamiHudCasingTextTitleID" : "Casing text",
	"HotlineMiamiHudCasingIconTitleID" : "Casing icon",
	"HotlineMiamiHudNoReturnTextTitleID" : "Point of no return text",
	"HotlineMiamiHudNoReturnIconTitleID" : "Point of no return icon",
	"HotlineMiamiHudNoReturnTimerTitleID" : "Point of no return timer",
	"HotlineMiamiHudHoldoutTextTitleID" : "Holdout text",
	"HotlineMiamiHudCaptainTextTitleID" : "Captain winters text",
	"HotlineMiamiHudCaptainBuffIconTitleID" : "Captain winters buff icon",
	"HotlineMiamiHudHostagesTextTitleID" : "Hostages text",
	"HotlineMiamiHudHostagesIconTitleID" : "Hostages Icon",
	"HotlineMiamiHudWavesIconTitleID" : "Waves icon",
	"HotlineMiamiHudWavesTextTitleID" : "Waves text",
	"HotlineMiamiHudECMUpgradeIconTitleID" : "ECM upgrade icon",
	"HotlineMiamiHudECMIconTitleID" : "ECm timer icon",
	"HotlineMiamiHudECMTextTitleID" : "ECM timer text",
	
	"HotlineMiamiHudCustodyReleasedTitleID" : "Custody released text",
	"HotlineMiamiHudCustodyTimerTitleID" : "Custody timer",
	"HotlineMiamiHudCivillansTitleID" : "Civillans killed text",
	"HotlineMiamiHudTradeTitleID" : "Trade text",
	
	"HotlineMiamiHudDownedTextTitleID" : "Downed text",
	"HotlineMiamiHudDownedTimerTitleID" : "Downed timer",
	
	"HotlineMiamiHudObjectiveTextTitleID" : "Objective text",
	"HotlineMiamiHudObjectiveIconTitleID" : "Objective icon",
	"HotlineMiamiHudObjectiveAmountTitleID" : "Objective loot amount",
	
	"HotlineMiamiHudPresenterTitleTitleID" : "Presenter title",
	"HotlineMiamiHudPresenterTextTitleID" : "Presenter text",
	
	"HotlineMiamiHudWaypointIconTitleID" : "Waypoint Icon",
	"HotlineMiamiHudWaypointDistTitleID" : "Waypoint distance",
	"HotlineMiamiHudWaypointArrowTitleID" : "Waypoint arrow",
	
	"HotlineMiamiHudGrenadeIconTitleID" : "Grenades icon",
	"HotlineMiamiHudGrenadeTextTitleID" : "Grenade amount",
	"HotlineMiamiHudCasingIconTitleID" : "Casing icon",
	"HotlineMiamiHudEquipmentIconTitleID" : "Equipment Icon",
	"HotlineMiamiHudEquipmentTextTitleID" : "Equipment Amount",
	"HotlineMiamiHudCabletiesIconTitleID" : "Cable ties Icon",
	"HotlineMiamiHudCabletiesTextTitleID" : "Cable ties text",
	"HotlineMiamiHudPrimFiremodeTitleID" : "Primary firemode",
	"HotlineMiamiHudSecFiremodeTitleID" : "Secondary firemode",
	"HotlineMiamiHudLowAmmoTitleID" : "Low ammo",
	"HotlineMiamiHudTotalAmmoTitleID" : "Total ammo",
	"HotlineMiamiHudClipAmmoTitleID" : "Current ammo",
	
	"HotlineMiamiHudPlayer1TitleID" : "Player 1",
	"HotlineMiamiHudPlayer2TitleID" : "Player 2",
	"HotlineMiamiHudPlayer3TitleID" : "Player 3",
	"HotlineMiamiHudPlayer4TitleID" : "Player 4",
	"HotlineMiamiHudPlayerAiTitleID" : "Bot",
	"HotlineMiamiHudSystemTitleID" : "System"
}