{
	"hud_instruct_mask_on" : "",
	"hmh_damage_resistance" : "$NUM",
	"hud_int_hold_grab_the_bag" : "Hold $INTERACT to grab the $BAG",
	"hmh_hud_assault_assault" : "Assault in progress",
	"hmh_inspire_cooldown_text" : "Inspire still has a cooldown of",
	"hmh_int_locked" : "PRESS $BTN_CANCEL TO INTERRUPT",
	"hmh_int_locked_pager" : "PRESS $BTN_CANCEL TO INTERRUPT\n(TRIGGERS ALARM)",
	"hmh_hud_stats_enemies_dominated" : "ENEMIES CUFFED",

	"hmh_r" : "Red",
	"hmh_g" : "Green",
	"hmh_b" : "Blue",
	"hmh_ok" : "Ok",
	"hmh_color_reset" : "Reset Color",
	"HMH_warning_desc" : "Some of your changes may not take effect until the next heist or game restart!",

	"hmh_title" : "Hotline Miami Hud",
	"hmh_desc" : "Hotline Miami Hud options",

	"hud_scale_title" : "Hud Scale",
    "hud_scale_desc" : "Change the hud size.",
   
	"no_menu_textures_title" : "Enable Menu Textures",
	"no_menu_textures_desc" : "This will delete the menu textures from the mod_overrides.",
    "mod_overrides_title" : "Enable Menu Textures Updates",
    "mod_overrides_desc" : "This will disable the update notificaton for the Menu Textures.\nWhen changed, a game restart is required to take effect.",
	"pink_corner_title" : "Pink Hud Corners",
	"pink_corner_desc" : "Makes the corners of hud elements pink.",
	"mod_font_title" : "Custom Text Font",
	"mod_font_desc" : "Enables the custom pixel font.\nWhen changed, a game restart is required to take effect.",
	"hmh_combo_options_title" : "Combo Counter",
	"hmh_combo_options_desc" : "Combo counter options.",
	"combo_kill_anim_title" : "Kill Anmiation",
	"combo_kill_anim_desc" : "Animate the counter for each kill.",
	"combo_kill_flash_title" : "Flash Combo Text",
	"combo_kill_flash_desc" : "Flash the combo text for each kill.",
	"combo_title" : "Combo Counter",
	"combo_desc" : "Enable a hotline miami styled combo counter.",
	"panel_position_title" : "Vertical Position",
	"panel_position_desc" : "Change the vertical position of the combo counter.",
	"headshot_mark_title" : "Headshot Indicator",
	"headshot_mark_desc" : "Displays a hitmark when killing enemies with headshots.",
	"disabled_icon" : "Disabled",
	"circle_icon" : "Red Circle",
	"50blessings" : "50 Blessings",
	"interaction" : "Interaction Texture",
	

	"hmh_hud_title" : "Player/Team",
	"hmh_hud_desc" : "Customize the player and team panels",
	"hmh_hud_player_color_title" : "Player Color",
	"hmh_hud_player_color_desc" : "",
	"hmh_hud_custody_downed_title" : "Custody/Downed",
	"hmh_hud_custody_downed_desc" : "",
	"hmh_hud_ammo_title" : "Ammo",
	"hmh_hud_ammo_desc" : "",
	"hmh_hud_ability_title" : "Player Abilities",
	"hmh_hud_ability_desc" : "",
	"ability_icon_title" : "Show Ability Icon",
	"ability_icon_desc" : "",
	"hmh_hud_equipment_title" : "Equipment",
	"hmh_hud_equipment_desc" : "",
	"colored_downs_title" : "Colored Downcounter",
	"colored_downs_desc" : "Disable this to use the default white downcounter.",
	"armorer_timer_title" : "Invulnerability Cooldown Timer",
	"armorer_timer_desc" : "Displays a timer counting down the cooldown for the invulnerability (Anarchist/Armorer).",
	"armorer_radial_title" : "Invulnerability Duration Display",
	"armorer_radial_desc" : "Shows the duration of the invulnerability period (Anarchist/Armorer).",
	"voice_title" : "Team Voice Chat Icon",
	"voice_desc" : "Display an icon when a player is talking in-game.",
	"color_name_title" : "Colored Name Panels",
	"color_name_desc" : "",
	"color_condition_title" : "Colored Condition Icon",
	"color_condition_desc" : "",
	"interact_info_title" : "Teammate Interaction Text",
	"interact_info_desc" : "",
	"color_bag_title" : "Colored Bag Icon",
	"color_bag_desc" : "",
	"pickups_title" : "Colored Pickup Items",
	"pickups_desc" : "",
	"promt_title" : "Colored Promt Panel",
	"promt_desc" : "",
	"equipment_title" : "Colored Equipment",
	"equipment_desc" : "",
	"ammo_title" : "Enhanced Ammo Display",
	"ammo_desc" : "Enhanced ammo color and animation.",
	"trueammo_title" : "Use Real Ammo",
	"trueammo_desc" : "Shows ammo left, not taking the rounds in your current magazine into account.",
	"ping_title" : "Show Player Ping",
	"ping_desc" : "Displays the players ping by their name panels.",
	"bulletstorm_title" : "Infinite Ammo Icon",
	"bulletstorm_desc" : "Display a infinite symbol on the ammo when bulletstorm or swan song is active.",
	"stamina_title" : "Stamina Circle",
	"stamina_desc" : "Display a stamina circle in the hud.",
	"screen_effect_title" : "Ability Screen Effects",
	"screen_effect_desc" : "Will make the screen flash when swan song or the kingpin injector is active.",	
	"health_texture_title" : "Health Texture",
	"health_texture_desc" : "Enable a custom health texture (The pixel heart may cause issues with some perkdecks).\nWhen changed, a game restart is required to take effect.",
	"default_health" : "Default",
	"faded_health" : "Faded",
	"pixel_health" : "Pixel Heart",
	"color_title" : "Name and Chat Colors",
	"color_desc" : "Enable the chat colors.",
	"downed_title" : "Downed Text",
	"downed_desc" : "Enable the colored downed text at the top of the screen.",
	"custody_title" : "Custody Text",
	"custody_desc" : "Enable the colored custody text when taken into custody(civillian killed/time).",
	"stop_ai_title" : "Stop Ai Icon",
	"stop_ai_desc" : "Use a custom ai stop symbol.",
	"downed_text_title" : "Downed Text Transparency",
	"downed_text_desc" : "Choose a value for how translucent the downed text will be.",
	"custody_text_title" : "Custody Text Transparency",
	"custody_text_desc" : "Choose a value for how translucent the custody text will be.",
	"hide_hudbox_title" : "Always Hide Corners/Background",
	"hide_hudbox_desc" : "The hudbox corners and background will always be hidden even when the rest of the assault panel options are disabled.",

	"hmh_custom_chat_title" : "Chat",
	"hmh_custom_chat_desc" : "Customize the chat.",
	"custom_chat_title" : "Improved Chat",
	"custom_chat_desc" : "Enable the improved chat.",
	"chat_font_title" : "Chat Size",
	"chat_font_desc" : "Change the chat size.",

	"hmh_tab_title" : "Tabstats",
	"hmh_tab_desc" : "Customize the tabstats panel.",
	"tab_title" : "Imrpoved Tabstats",
	"tab_desc" : "Enable tabstats changes.",
	"custom_tab_color_title" : "Custom tabstats colors",
	"custom_tab_color_desc" : "Colorize the tabstats menu.",
	"enemy_count_title" : "Enemy Counter",
	"enemy_count_desc" : "Shows the amount of enemies on the map.",

	"hmh_waypoints_title" : "Waypoints",
	"hmh_waypoints_desc" : "Customize Wayponts.",
	"waypoints_title" : "Colored Waypoints",
	"waypoints_desc" : "Enable custom colored waypoints.",
	"waypoint_alpha_title" : "Waypoint Transparency",
	"waypoint_alpha_desc" : "Choose a value for how translucent the waypoint markers will be.",
	"greenciv_title" : "Green Civilian Pacified Marker",
	"greenciv_desc" : "Civilians that are pacified will have a green ! marker above them.",

	"hmh_timer_title" : "Timer",
	"hmh_timer_desc" : "Customize the heist timer.",
	"timer_title" : "Colored Heist Timer",
	"timer_desc" : "Enable the custom colored heist timer.",
	"timer_text_title" : "Heist Timer Transparency",
	"timer_text_desc" : "Choose a value for how translucent the timer text will be.",

	"hmh_presenter_title" : "Presenter",
	"hmh_presenter_desc" : "Customize the presenter panel.",
	"presenter_title" : "Colored Presenter Panel",
	"presenter_desc" : "Enable the custom colored presenter panel.",
	"present_text_title" : "Presenter Panel Transparency",
	"present_text_desc" : "Choose a value for how translucent the presenter text will be.",
	"silent_obj_title" : "No Objective Sound",
	"silent_obj_desc" : "Replaces the objective sound with silence.\nWhen changed, a game restart is required to take effect.",

	"hmh_interact_title" : "Interaction",
	"hmh_interact_desc" : "Customize the interaction settings.",
	"interact_title" : "Colored Interaction Text",
	"interact_desc" : "Enable the custom colored interaction text.",
	"interact_texture_title" : "Interaction Texture",
	"interact_texture_desc" : "Choose what Interaction Texture to use.\nWhen changed, a game restart is required to take effect.",
	"default_interact" : "Default Circle",
	"50bl_interact" : "50 Blessings",
	"pink_interact" : "Pink Circle",
	"hm2_interact" : "Wrong Number",
	"heart_interact" : "Pixel Heart",
	"toggle_interact_title" : "Toggle Interaction (0.0 = Disabled)",
	"toggle_interact_desc" : "Pick the duration of an interaction for the toggle interact to lock.",
	"interupt_interact_title" : "Equipment Interupt key",
	"interupt_interact_desc" : "Will interupt the interaction by clickin the interaction button.",
	"interupt_interact_hint_title" : "Show Interrupt Hint",
	"interupt_interact_hint_desc" : "Show a text to remind you, which button will interrupt your Interaction.",
	"stealth_c4_title" : "Shaped Charge Suppression",
	"stealth_c4_desc" : "When checked, you need to doubletap to deploy shaped charges in stealth. \nOnly to prevent accidents.",
	"interact_icons_title" : "Hud Interaction Icons",
	"interact_icons_desc" : "Enable the custom colored interaction icons (saw, picklock, c4 and etc).\nWhen changed, a game restart is required to take effect.",
	"interact_text_title" : "Interaction Text Transparency",
	"interact_text_desc" : "Choose a value for how translucent the interaction text will be.",

	"hmh_hint_title" : "Hints",
	"hmh_hint_desc" : "Customize the hint text.",
	"hint_title" : "Colored Hint Text",
	"hint_desc" : "Enable the custom colored hint text.",
	"inspire_title" : "Inspire Cooldown Hint",
	"inspire_desc" : "Displays a hint message with the remaining cooldown time.",
	"hint_text_title" : "Hint Transparency",
	"hint_text_desc" : "Choose a value for how translucent the hint text will be.",
	
	"hmh_suspicion_title" : "Suspicion",
	"hmh_suspicion_desc" : "Customize the suspicion meter.",
	"suspicion_title" : "Custom Suspicion Meter",
	"suspicion_desc" : "Adds a custom colored suspicion meter.\nWhen changed, a game restart is required to take effect.",

	"hmh_carry_title" : "Carrying",
	"hmh_carry_desc" : "Customize the carry panel.",
	"carry_title" : "Carry Panel",
	"animate_text_title" : "Animate Carry Text",
	"animate_text_desc" : "Enable the flashing text when carrying bags.",
	"colored_carry_text_title" : "Colored Carry Text",
	"colored_carry_text_desc" : "Matches the carrying text with the current player color.",
	"carry_desc" : "Enable the custom carry panel.",
	"carry_value_title" : "Show Loot Value",
	"carry_value_desc" : "Display the value of the loot being carried.",
	"carry_text_title" : "Carry Text Transparency",
	"carry_text_desc" : "Choose a value for how translucent the carrying text will be.",

	"hmh_assault_title" : "Assault",
	"hmh_assault_desc" : "Customize the assault panel.",
	"assault_text_title" : "Assault Text Transparency",
	"assault_text_desc" : "Choose a value for how translucent the assault text will be.",
	"info_box_title" : "Infobox Transparency",
	"info_box_desc" : "Choose a value for how translucent the assault text will be.",
	"assault_title" : "Flashing Assault Panel",
	"assault_desc" : "Enable the custom flashing assault panel.",
	"casing_title" : "Casing Text",
	"casing_desc" : "Enable the casing text.",
	"infoboxes_title" : "ECM Timer",
	"infoboxes_desc" : "Enable an ECM timer in stealth.",
	"pager_jam_title" : "Upgraded ECM Icon",
	"pager_jam_desc" : "Displays an icon on the ecm timer when it blocks pagers.",
	"captain_buff_title" : "Show Damage Reduction Level",
	"captain_buff_desc" : "Shows damage reduction level when Captain is present. (1 = 10% | 5 = 50%)",
	"HotlineMiamiHudcaptainBuffTextTitleID" : "Damage Reduction Level",

	"hmh_objective_title" : "Objective",
	"hmh_objective_desc" : "Customize the objective panel.",
	"objective_title" : "Colored Objective Panel",
	"objective_desc" : "Enable the custom colored objective panel.",
	"objective_text_title" : "Objective Text Transparency",
	"objective_text_desc" : "Choose a value for how translucent the objective text will be.",

	"hmh_subs_title" : "Subtitle",
	"hmh_subs_desc" : "Customize the subtitles.",
	"subs_title" : "Colored Subtitle Text",
	"subs_desc" : "Enable the custom colored subtitles.",
    "sub_text_title" : "Subtitles Transparency",
	"sub_text_desc" : "Choose a value for how translucent the subtitles text will be.",

	"hmh_menu_options_title" : "Menu Options",
	"hmh_menu_options_desc" : "Customize the menu.",
	"menu_color_title" : "Menu Colors",
	"menu_color_desc" : "Enable the custom menu colors.",
	"skip_blackscreen_title" : "Skip Blackscreen",
	"skip_blackscreen_desc" : "Automatically skips the blackscreen on mission start.",
	"skip_xp_title" : "Stat Screen Delay",
	"skip_xp_desc" : "Proceeds X seconds, after your EXP got counted.\n(0 = disabled)",
	"pick_card_title" : "Auto pick card",
	"pick_card_desc" : "Automatically pick a card, when the loot screen is displayed",
	"skip_card_title" : "Card Screen Delay",
	"skip_card_desc" : "Automatically skip loot screen.\n(0 = disabled)",	
	"custom_filter_title" : "Menu Color Grading",
	"custom_filter_desc" : "This will disable the default blue menu color filter. The menu color grading can be changed in the games video options under advanced settings.",
	
	"custom_menu_background_title" : "Menu Background",
	"custom_menu_background_desc" : "Choose what background to use.\nWhen changed, a game restart is required to take effect.",
	"default_background" : "Default",
	"custom_background" : "Classic Purple",
	"no_smoke_title" : "No Menu Smoke",
	"no_smoke_desc" : "Disables the smoke in the main menu.\nWhen changed, a game restart is required to take effect.",
	"no_confirm_title" : "No Confirm Dialogs",
	"no_confirm_desc" : "Remove some of the >Are you sure< messages when navigating menus.",
	"crew_loadout_tab_title" : "Crew Loadout on Tabscreen",
	"crew_loadout_tab_desc" : "Displays the Skills, Perk and current Ping of players in your lobby.",
	"crew_loadout_title" : "Crew Loadout in Lobby",
	"crew_loadout_desc" : "Adds a button to your Lobby screen, that can display the loadout of you and your crew.",
	"crew_loadout_briefing_title" : "Crew Loadout in Briefing",
	"crew_loadout_briefing_desc" : "Replaces the default Crew Loadout Panel in Mission briefing.",
	"profile_menu_title" : "Replace Profile Menu",
	"profile_menu_desc" : "Replaces the default Profile-Selector with WolfHUDs advanced one.",
	
	"reset_title" : "Presets",
	"reset_desc" : "Choose a hud preset.",
	"preset_title" : "CHANGING PRESETS WILL RESET ALL SETTINGS!",
	"preset_desc" : "",
	"restart_preset_title" : "RESTART IS REQUIRED FOR THE PRESET TO CHANGE",
    "preset_multi_title" : "Hud Presets",
	"preset_multi_desc" : "Choose a hud preset.",
	"custom_preset" : "Custom",
	"hotline_vibe" : "Hotline Miami",
	"vanilla_classic" : "Classic Vanilla",
	
	"extracted_preplanning_save" : "Save Plan",
	"extracted_preplanning_load" : "Load Plan",
	"extracted_preplanning_reset" : "Reset Plan",
	"extracted_preplanning_reset_all" : "Reset All",
	"extracted_preplanning_delete" : "Delete Plan",
	"extracted_preplanning_save_tooltip_title" : "Save current Plan:",
	"extracted_preplanning_save_tooltip_desc" : "Save your current Plan, and have an easier time next time on this mission.",
	"extracted_preplanning_load_tooltip_title" : "Load last Plan:",
	"extracted_preplanning_load_tooltip_desc" : "Opens a menu with all your saved plans.",
	"extracted_preplanning_reset_tooltip_title" : "Reset current Plan:",
	"extracted_preplanning_reset_tooltip_desc" : "Removes all your assets from the current plan, as well as your votes.",
	"extracted_preplanning_reset_all_tooltip_title" : "Reset complete Plan:",
	"extracted_preplanning_reset_all_tooltip_desc" : "Removes everyones assets from the current plan, as well as your votes.",
	"extracted_preplanning_delete_tooltip_title" : "Delete saved Plan",
	"extracted_preplanning_delete_tooltip_desc" : "Clean up your saved plans and delete a few.",
	"extracted_preplanning_manager_title" : "Preplanning Manager",
	"extracted_preplanning_error_no_saved_plans" : "No saved Plans found.",
	"extracted_preplanning_error_max_plans_reached" : "Maximum amount of saved Plans reached.",
	"extracted_preplanning_votes_title" : "Votes:",
	"extracted_preplanning_assets_title" : "Assets:",
	"extracted_preplanning_dialog_save" : "Save Plan?",
	"extracted_preplanning_dialog_save_desc" : "$PLAN\n\n\nPlease enter a name for this plan.\n(Using an existing name will overwrite that plan.)",
	"extracted_preplanning_dialog_delete" : "Delete Plan?",
	"extracted_preplanning_dialog_delete_desc" : "Are you sure you want to delete Plan '$NAME'?",
	"extracted_preplanning_msg_saved_success" : "Current plan was saved successfully.",
	"extracted_preplanning_msg_saved_failed" : "An error occurred while saving plan.",
	"extracted_preplanning_msg_no_save_slot" : "Maximum amount of saved Plans reached.",
	"extracted_preplanning_msg_no_current_plan" : "You have nothing planned, that can be saved.",
	"extracted_preplanning_msg_loaded_success" : "Plan was loaded successfully.",
	"extracted_preplanning_msg_loaded_failed" : "An error occurred while loading plan.",
	"extracted_preplanning_msg_loaded_partitially" : "Plan was loaded partially: $ERRORMSG",
	"extracted_preplanning_msg_loaded_missing_skill" : "Missing a Skill",
	"extracted_preplanning_msg_loaded_missing_favours" : "Not enough favours",
	"extracted_preplanning_msg_loaded_missing_money" : "Not enough money",
	"extracted_preplanning_msg_reseted_success" : "Current Plan reset.",
	"extracted_preplanning_msg_reseted_failed" : "An error occurred while resetting current plan.",
	"extracted_preplanning_msg_deleted_success" : "Plan was deleted successfully.",
	"extracted_preplanning_msg_deleted_failed" : "An error occurred while deleting saved plan.",
	"extracted_preplanning_msg_folder_creation_failed" : "Failed to create folder: $FOLDER \nPlease make sure the game has the required permissions or create it manually.",
	"extracted_preplanning_msg_file_creation_failed" : "Failed to create file: $FILE \nPlease make sure the game has the required permissions or create it manually.",
	"extracted_dialog_save" : "Save",

	"HotlineMiamiHudOptionsButtonTitleID" : "Hotline Miami Hud Color Options",
	"HotlineMiamiHudOptionsButtonDescID" : "Change the color of this HUD element to your own liking.",
	"HotlineMiamiHudColorOption" : "Change the color of this HUD element to your own liking.",
	"HotlineMiamiHudAssaultTitleID" : "Assault Panel",
	"HotlineMiamiHudCustodyTitleID" : "Custody Panel",
	"HotlineMiamiHudObjectivesTitleID" : "Objectives Panel",
	"HotlineMiamiHudPresenterTitleID" : "Presenter Panel",
	"HotlineMiamiHudWaypointTitleID" : "Waypoints",
	"HotlineMiamiHudTeamTitleID" : "Team Panel",

    "HotlineMiamiHudTimerTitleID" : "Heist timer",
	"HotlineMiamiHudInteractionTitleID" : "Interaction text",
	"HotlineMiamiHudHintTitleID" : "Hint text",
	"HotlineMiamiHudSubTitleID" : "Subtitles text",

	"HotlineMiamiHudAssaultTextTitleID" : "Assault Text",
	"HotlineMiamiHudCasingTextTitleID" : "Casing Text",
	"HotlineMiamiHudCasingIconTitleID" : "Casing Icon",
	"HotlineMiamiHudNoReturnTextTitleID" : "Point of No Return Text",
	"HotlineMiamiHudNoReturnIconTitleID" : "Point of No Return Icon",
	"HotlineMiamiHudNoReturnTimerTitleID" : "Point of No Return Timer.",
	"HotlineMiamiHudHoldoutTextTitleID" : "Holdout Text",
	"HotlineMiamiHudCaptainTextTitleID" : "Captain Winters Text",
	"HotlineMiamiHudCaptainBuffIconTitleID" : "Captain Winters Buff Icon",
	"HotlineMiamiHudHostagesTextTitleID" : "Hostages Text",
	"HotlineMiamiHudHostagesIconTitleID" : "Hostages Icon",
	"HotlineMiamiHudWavesIconTitleID" : "Waves Icon",
	"HotlineMiamiHudWavesTextTitleID" : "Waves Text",
	"HotlineMiamiHudECMUpgradeIconTitleID" : "ECM Upgrade Icon",
	"HotlineMiamiHudECMIconTitleID" : "ECM Timer Icon",
	"HotlineMiamiHudECMTextTitleID" : "ECM Remaining Time",
	"HotlineMiamiHudEcmMidTitleID" : "ECM Remaining Time (Medium)",
	"HotlineMiamiHudEcmLowTitleID" : "ECM Remaining Time (Low)",
	
	"HotlineMiamiHudCustodyReleasedTitleID" : "Custody Released Text",
	"HotlineMiamiHudCustodyTimerTitleID" : "Custody Timer",
	"HotlineMiamiHudCivillansTitleID" : "Civillans Killed Text",
	"HotlineMiamiHudTradeTitleID" : "Trade Text",
	
	"HotlineMiamiHudDownedTextTitleID" : "Downed Text",
	"HotlineMiamiHudDownedTimerTitleID" : "Downed Timer",
	
	"HotlineMiamiHudObjectiveTextTitleID" : "Objective Text",
	"HotlineMiamiHudObjectiveIconTitleID" : "Objective Icon",
	"HotlineMiamiHudObjectiveAmountTitleID" : "Objective Loot Amount",
	
	"HotlineMiamiHudPresenterTitleTitleID" : "Presenter Title",
	"HotlineMiamiHudPresenterTextTitleID" : "Presenter Text",
	
	"HotlineMiamiHudWaypointIconTitleID" : "Waypoint Icon",
	"HotlineMiamiHudWaypointDistTitleID" : "Waypoint Distance",
	"HotlineMiamiHudWaypointArrowTitleID" : "Waypoint Arrow",
	
	"HotlineMiamiHudGrenadeIconTitleID" : "Grenades Icon",
	"HotlineMiamiHudGrenadeTextTitleID" : "Grenade Amount",
	"HotlineMiamiHudEquipmentIconTitleID" : "Equipment Icon",
	"HotlineMiamiHudEquipmentTextTitleID" : "Equipment Amount",
	"HotlineMiamiHudCabletiesIconTitleID" : "Cable Ties Icon",
	"HotlineMiamiHudCabletiesTextTitleID" : "Cable Ties Text",
	"HotlineMiamiHudPrimFiremodeTitleID" : "Primary Firemode",
	"HotlineMiamiHudSecFiremodeTitleID" : "Secondary Firemode",
	"HotlineMiamiHudLowAmmoTitleID" : "Low Ammo",
	"HotlineMiamiHudTotalAmmoTitleID" : "Total Ammo",
	"HotlineMiamiHudClipAmmoTitleID" : "Current Ammo",
	"HotlineMiamiHudAbilityIconTitleID" : "Ability Icon",
	"HotlineMiamiHudArmorerTimerTitleID" : "Invulnerability Cooldown Timer",
	"HotlineMiamiHudArmorerDurationTimerTitleID" : "Invulnerability Duration Timer",
	
	"HotlineMiamiHudPlayer1TitleID" : "Player 1",
	"HotlineMiamiHudPlayer2TitleID" : "Player 2",
	"HotlineMiamiHudPlayer3TitleID" : "Player 3",
	"HotlineMiamiHudPlayer4TitleID" : "Player 4",
	"HotlineMiamiHudPlayerAiTitleID" : "Bot",
	"HotlineMiamiHudSystemTitleID" : "System"
}