{
  "hmh_r": "Vermelho",
  "hmh_g": "Verde",
  "hmh_b": "Azul",
  "hmh_ok": "Ok",
  "hmh_color_reset": "Redefinir Cor",
  "HMH_warning_desc": "Algumas das suas alterações podem não ter efeito até reiniciar o assalto!",

  "hmh_title": "HUD Hotline Miami",
  "hmh_desc": "Opções do Hotline Miami HUD",

  "no_menu_textures_title": "Ativar Texturas do Menu",
  "no_menu_textures_desc": "Isso removerá as texturas do menu em mod_overrides.\nApós alterar, é necessário atualizar as texturas para que as mudanças tenham efeito.",

  "mod_overrides_title": "Atualizações de Texturas do Menu",
  "mod_overrides_desc": "Isso desativa a notificação de atualização das texturas do menu.\nApós alterar, é necessário reiniciar o jogo para que as mudanças tenham efeito.",

  "mod_font_title": "Fonte de Texto Personalizada",
  "mod_font_desc": "Ativa a fonte pixel personalizada.\nApós alterar, é necessário atualizar as texturas para que as mudanças tenham efeito.",

  "preset_title": "Predefinições",
  "preset_desc": "Escolha uma predefinição para o HUD.",
  "preset_warning": "MUDAR A PREDEFINIÇÃO IRÁ REDEFINIR TODAS AS CONFIGURAÇÕES!",
  "restart_preset_title": "É NECESSÁRIO REINICIAR PARA A PREDEFINIÇÃO SER APLICADA",
  "preset_multi_title": "Predefinições de HUD",
  "preset_multi_desc": "Escolha uma predefinição para o HUD.",
  "custom_preset": "Personalizado",
  "hotline_vibe": "Atmosfera Hotline Miami",
  "vanilla_classic": "Vanilla Clássico",

  "refresh_title": "Atualizar Texturas",
  "refresh_desc": "Aplica qualquer alteração de textura realizada.\nPor exemplo, mudanças na fonte ou na textura de vida.",

  "hmh_skip_menu_options_title": "Pular Menu e Seleção de Cartas Automática",
  "hmh_skip_menu_options_desc": "",

  "skip_blackscreen_title": "Pular Tela Preta",
  "skip_blackscreen_desc": "Pula automaticamente a tela preta no início da missão.",

  "skip_xp_title": "Delay na Tela de EXP (0.0 = Desativado)",
  "skip_xp_desc": "Avança X segundos após a experiência ser contabilizada.",

  "pick_card_title": "Selecionar Carta Automaticamente",
  "pick_card_desc": "Seleciona uma carta automaticamente quando a tela de loot for exibida.",

  "skip_card_title": "Delay na Tela de Cartas (0.0 = Desativado)",
  "skip_card_desc": "Avança X segundos após as cartas serem exibidas.",

  "hmh_enhanced_loadout_options_title": "Loadout de Equipe Aprimorado",
  "hmh_enhanced_loadout_options_desc": "",
  "crew_loadout_title": "Loadout da Equipe no Lobby",
  "crew_loadout_desc": "Adiciona um botão na tela do Lobby que exibe o loadout seu e da sua equipe.",
  "crew_loadout_briefing_title": "Loadout da Equipe no Briefing",
  "crew_loadout_briefing_desc": "Substitui o painel de loadout da equipe padrão no briefing da missão.",

  "hmh_menu_options_title": "Opções de Menu",
  "hmh_menu_options_desc": "Personalize o menu.",

  "hmh_menu_panel_text": "Menu",
  "hmh_inventory_panel_text": "Inventário",
  "no_confirm_title": "Sem Diálogos de Confirmação",
  "no_confirm_desc": "Remove algumas mensagens de >Tem certeza?< ao navegar nos menus.",

  "inventory_amount_title": "Exibir Quantidade de Equipamentos",
  "inventory_amount_desc": "Exibe a quantidade de deployables/granadas no inventário.",

  "profile_menu_title": "Menu de Perfil Aprimorado",
  "profile_menu_desc": "Substitui o seletor de perfil padrão.",
  "hmh_switch_profile": "Trocar Perfil",

  "custom_menu_background_title": "Fundo do Menu",
  "custom_menu_background_desc": "Escolha qual fundo usar.\nApós alterar, é necessário atualizar as texturas para que as mudanças tenham efeito.",
  "default_background": "Padrão",
  "custom_background": "Roxo Clássico",

  "menu_color_title": "Cores do Texto do Menu",
  "menu_color_desc": "Ativa cores personalizadas para o texto do menu.",

  "no_smoke_title": "Sem Fumaça no Menu",
  "no_smoke_desc": "Desativa a fumaça no menu principal.\nApós alterar, é necessário atualizar as texturas para que as mudanças tenham efeito.",

  "mouse_pointer_title": "Cursor do Mouse",
  "mouse_pointer_desc": "Escolha qual cursor usar.\nApós alterar, é necessário atualizar as texturas para que as mudanças tenham efeito.",
  "default_mouse_pointer": "Padrão",
  "fingerless_gloves": "Luvas sem Dedos",
  "jacket": "Jaqueta",
  "pink_mouse_pointer": "Rosa",

  "custom_filter_title": "Colorização do Menu",
  "custom_filter_desc": "Isso desativa o filtro azul padrão do menu. A colorização pode ser alterada nas opções de vídeo avançadas do jogo.",

  "hmh_hud_options_title": "Opções de HUD",
  "hmh_hud_options_desc": "Personalize o HUD.",

  "hud_scale_title": "Escala do HUD",
  "hud_scale_desc": "Altera o tamanho do HUD.\nApós alterar, é necessário reiniciar o assalto.",

  "hmh_combo_options_title": "Contador de Combo",
  "hmh_combo_options_desc": "Opções do contador de combo.",
  "combo_kill_anim_title": "Animação de Kill",
  "combo_kill_anim_desc": "Anima o contador a cada kill.",
  "combo_kill_flash_title": "Flash no Texto do Combo",
  "combo_kill_flash_desc": "Pisca o texto do combo em cada kill.",
  "combo_title": "Contador de Combo",
  "combo_desc": "Ativa um contador de combo no estilo Hotline Miami.",
  "panel_position_title": "Posição Vertical",
  "panel_position_desc": "Altera a posição vertical do contador de combo.",

  "hmh_ecm_timer_title": "Timer de ECM",
  "hmh_ecm_timer_desc": "Opções do timer de ECM",
  "infoboxes_desc": "Ativa um timer de ECM no modo stealth.",
  "pager_jam_title": "Exibir Timer de ECM Apenas com Atraso de Pager",
  "pager_jam_desc": "Oculta timers de ECM que não atrasam pagers.",
  "pocket_ecm_title": "Exibir ECM de Bolso",
  "pocket_ecm_desc": "Inclui ECMs de bolso no timer de ECM.",
  "hide_hudbox_title": "Sempre Ocultar Cantos/Fundo",
  "hide_hudbox_desc": "Cantos e fundo da caixa de HUD ficarão sempre ocultos, mesmo com outras opções desativadas.",

  "hmh_buff_list_title": "Buffs",
  "hmh_buff_list_desc": "Opções de buffs.",
  "inspire_title": "Timer de Cooldown do Inspire",
  "inspire_desc": "Exibe um timer para o cooldown do inspire.",
  "inspire_timer_x_title": "Posição Horizontal",
  "inspire_timer_x_desc": "Altera a posição horizontal do timer.",
  "inspire_timer_y_title": "Posição Vertical",
  "inspire_timer_y_desc": "Altera a posição vertical do timer.",
  "inspire_timer_scale_title": "Escala",
  "inspire_timer_scale_desc": "Altera a escala do timer.",

  "bloodthirst_title": "Bloodthirst",
  "bloodthirst_desc": "Exibe o multiplicador de dano corpo a corpo para bloodthirst.",
  "bloodthirst_min_kills_title": "Limite de Mortes",
  "bloodthirst_min_kills_desc": "Define quantas mortes são necessárias antes de mostrar o multiplicador no HUD.",
  "bloodthirst_x_title": "Posição Horizontal",
  "bloodthirst_x_desc": "Altera a posição horizontal do multiplicador.\nA mudança será visível na próxima atualização do texto do buff na tela.",
  "bloodthirst_y_title": "Posição Vertical",
  "bloodthirst_y_desc": "Altera a posição vertical do multiplicador.\nA mudança será visível na próxima atualização do texto do buff na tela.",
  "bloodthirst_scale_title": "Escala",
  "bloodthirst_scale_desc": "Altera a escala do multiplicador.\nA mudança será visível na próxima atualização do texto do buff na tela.",
  "HMH_bloodthirst_multiplier": "$NUM",

  "headshot_mark_title": "Indicador de Headshot",
  "headshot_mark_desc": "Exibe um marcador de headshot.",
  "disabled_icon": "Desativado",
  "circle_icon": "Círculo Vermelho",
  "50blessings": "50 Blessings",
  "interaction": "Textura de Interação",

  "pink_corner_title": "Cantos Rosa do HUD",
  "pink_corner_desc": "Deixa os cantos dos elementos do HUD em rosa.",

  "hmh_hud_title": "Painéis do Jogador e Equipe",
  "hmh_hud_desc": "Opções relacionadas aos seus painéis HUD e dos seus companheiros.",
  "health_texture_title": "Textura de Vida",
  "health_texture_desc": "Ativa uma textura de vida personalizada (o Pixel Heart pode causar problemas com algumas perk decks).\nApós alterar, é necessário atualizar as texturas para que as mudanças tenham efeito.\nAo voltar para o padrão, reinicie o jogo.",
  "default_health": "Padrão",
  "faded_health": "Desbotado",
  "pixel_health": "Pixel Heart",

  "hmh_hud_player_color_title": "Cor do Jogador",
  "hmh_hud_player_color_desc": "",

  "color_title": "Cores de Nome e Chat",
  "color_desc": "Ativa as cores de chat.",

  "hmh_hud_custody_downed_title": "Texto de Custódia e Derrubado",
  "hmh_hud_custody_downed_desc": "",
  "hmh_downed_panel_text": "Texto de Custódia",
  "hmh_custody_panel_text": "Texto de Custódia",
  "downed_title": "Texto de Custódia",
  "downed_desc": "Ativa o texto colorido de derrubado no topo da tela.",
  "custody_title": "Texto de Custódia",
  "custody_desc": "Ativa o texto colorido de custódia quando você é capturado (civil morto/tempo).",
  "downed_text_title": "Transparência do Texto de Derrubado",
  "downed_text_desc": "Escolha o nível de transparência do texto de derrubado.",
  "custody_text_title": "Transparência do Texto de Custódia",
  "custody_text_desc": "Escolha o nível de transparência do texto de custódia.",

  "hmh_hud_ammo_title": "Munição",
  "hmh_hud_ammo_desc": "",
  "ammo_title": "Exibição de Munição Aprimorada",
  "ammo_desc": "Cor e animação de munição aprimoradas.",
  "trueammo_title": "Usar Munição Real",
  "trueammo_desc": "Exibe a munição restante, sem contar os projéteis no carregador atual.",
  "bulletstorm_title": "Ícone de Munição Infinita",
  "bulletstorm_desc": "Exibe um símbolo de infinito na munição quando Bulletstorm ou Swan Song estiver ativo.",

  "hmh_hud_ability_title": "Habilidades do Jogador",
  "hmh_hud_ability_desc": "",
  "ability_icon_title": "Mostrar Ícone de Habilidade",
  "ability_icon_desc": "",
  "armorer_timer_title": "Timer de Cooldown da Invulnerabilidade",
  "armorer_timer_desc": "Exibe o cooldown de invulnerabilidade (Anarchist/Armorer/Copycat).",
  "armorer_radial_title": "Duração da Invulnerabilidade",
  "armorer_radial_desc": "Exibe a duração do período de invulnerabilidade (Anarchist/Armorer/Copycat).",
  "screen_effect_title": "Efeitos Visuais de Habilidade",
  "screen_effect_desc": "Faz a tela piscar quando Swan Song ou o injetor do Kingpin estiver ativo.",

  "hmh_hud_equipment_title": "Equipamento",
  "hmh_hud_equipment_desc": "",
  "equipment_title": "Equipamento Colorido",
  "equipment_desc": "",
  "stealth_c4_title": "Supressão de Carga Moldada",
  "stealth_c4_desc": "Quando marcado, é preciso dar dois toques para posicionar cargas moldadas em stealth.\nServe para evitar acidentes.",

  "team_bg_title": "Ocultar Fundo do Painel",
  "team_bg_desc": "Oculta o fundo nos painéis da equipe.",
  "ping_title": "Exibir Ping do Jogador",
  "ping_desc": "Exibe o ping dos jogadores nos painéis de nome.",
  "stamina_title": "Círculo de Stamina",
  "stamina_desc": "Exibe um círculo de stamina no HUD.",
  "interact_info_title": "Texto de Interação de Aliados",
  "interact_info_desc": "",
  "stop_ai_title": "Ícone Stop AI",
  "stop_ai_desc": "Usa um símbolo personalizado para parar a IA.",
  "colored_downs_title": "Contador de Derrubadas Colorido",
  "colored_downs_desc": "",
  "color_name_title": "Painéis de Nome Coloridos",
  "color_name_desc": "",
  "color_condition_title": "Ícone de Condição Colorido",
  "color_condition_desc": "",
  "color_bag_title": "Ícone de Mochila Colorido",
  "color_bag_desc": "",
  "pickups_title": "Itens Coletáveis Coloridos",
  "pickups_desc": "",
  "promt_title": "Painel de Prompt Colorido",
  "promt_desc": "",

  "hmh_tab_and_subs_title": "Tabstats e Legendas",
  "hmh_tab_and_subs_desc": "Opções relacionadas ao painel de tabstats e ao texto de legendas.",
  "hmh_tab_panel_text": "Painel de Tabstats",
  "hmh_subs_panel_text": "Legendas",
  "tab_title": "Tabstats Aprimorados",
  "tab_desc": "Ativa alterações nos tabstats.",
  "custom_tab_color_title": "Cores Personalizadas de Tabstats",
  "custom_tab_color_desc": "Coloriza o menu de tabstats.",
  "enemy_count_title": "Contador de Inimigos",
  "enemy_count_desc": "Exibe a quantidade de inimigos no mapa.",
  "loot_count_title": "Contador de Loot",
  "loot_count_desc": "Exibe a quantidade de loot no mapa.",
  "crew_loadout_tab_title": "Loadout da Equipe na Tela de Tab",
  "crew_loadout_tab_desc": "Exibe habilidades, perks e ping atual dos jogadores no lobby.",
  "subs_title": "Legendas Coloridas",
  "subs_desc": "Ativa legendas coloridas personalizadas.",
  "sub_text_title": "Transparência das Legendas",
  "sub_text_desc": "Escolha o nível de transparência das legendas.",
  "hmh_hud_stats_enemies_dominated": "INIMIGOS IMOBILIZADOS",
  "hud_stats_bags_unsecured": "LOOT NÃO SEGURADO",
  "hud_stats_unopened_crates": "CAIXOTES NÃO ABERTOS",

  "hmh_waypoints_and_detection_title": "Waypoints e Detecção",
  "hmh_waypoints_and_detection_desc": "Opções relacionadas a waypoints e ao painel de detecção stealth.",
  "hmh_waypoints_panel_text": "Waypoints",
  "hmh_suspicion_panel_text": "Painel de Detecção",
  "waypoints_title": "Waypoints Coloridos",
  "waypoints_desc": "Ativa waypoints com cores personalizadas.",
  "waypoint_alpha_title": "Transparência dos Waypoints",
  "waypoint_alpha_desc": "Escolha o nível de transparência dos marcadores de waypoint.",
  "greenciv_title": "Marcador Verde para Civis Pacificados",
  "greenciv_desc": "Civis pacificados terão um marcador “!” verde acima deles.",
  "suspicion_title": "Medidor de Detecção",
  "suspicion_desc": "Adiciona um medidor de detecção colorido.\nApós alterar, é necessário atualizar as texturas para que as mudanças tenham efeito.",

  "hmh_objective_and_timer_title": "Timer do Assalto e Objetivos",
  "hmh_objective_and_timer_desc": "Opções relacionadas ao timer do assalto e ao painel de objetivos.",
  "hmh_timer_panel_text": "Timer do Assalto",
  "hmh_objectives_panel_text": "Painel de Objetivos",
  "timer_title": "Timer do Assalto Colorido",
  "timer_desc": "Ativa o timer do assalto com cores personalizadas.",
  "timer_text_title": "Transparência do Timer do Assalto",
  "timer_text_desc": "Escolha o nível de transparência do texto do timer do assalto.",
  "objective_title": "Painel de Objetivos Colorido",
  "objective_desc": "Ativa o painel de objetivos com cores personalizadas.",
  "objective_text_title": "Transparência do Texto de Objetivos",
  "objective_text_desc": "Escolha o nível de transparência do texto de objetivos.",

  "hmh_notifications_title": "Notificações",
  "hmh_notifications_desc": "Opções relacionadas a notificações do HUD.",
  "hmh_presenter_panel_text": "Notificações do Apresentador",
  "hmh_hints_panel_text": "Notificações de Dicas",
  "presenter_title": "Painel de Apresentador Colorido",
  "presenter_desc": "Ativa o painel de apresentador com cores personalizadas.",
  "present_text_title": "Transparência do Texto do Apresentador",
  "present_text_desc": "Escolha o nível de transparência do texto do apresentador.",
  "silent_obj_title": "Sem Som de Objetivo",
  "silent_obj_desc": "Substitui o som de objetivo por silêncio.",
  "hint_title": "Texto de Dica Colorido",
  "hint_desc": "Ativa texto de dica com cores personalizadas.",
  "hint_text_title": "Transparência da Dica",
  "hint_text_desc": "Escolha o nível de transparência do texto de dica.",
	
  "hmh_interact_and_carry_title": "Texto de Interação e Carga",
  "hmh_interact_and_carry_desc": "Opções relacionadas ao painel de interação e ao painel de carregamento de bolsas.",
  "hmh_interact_panel_text": "Painel de Interação",
  "hmh_carry_panel_text": "Painel de Carga",
  "interact_title": "Texto de Interação Colorido",
  "interact_desc": "Ativa o texto de interação com cores personalizadas.",
  "interact_texture_title": "Textura de Interação",
  "interact_texture_desc": "Escolha qual textura de interação usar.\nApós alterar, é necessário atualizar as texturas para que as mudanças tenham efeito.",
  "default_interact": "Círculo Padrão",
  "50bl_interact": "50 Blessings",
  "pink_interact": "Círculo Rosa",
  "hidden_interact": "Oculto",
  "hm2_interact": "Wrong Number",
  "heart_interact": "Pixel Heart",
  "faded_interact": "Desbotado",
  "triangle_interact": "Triângulo Neon",
  "interact_icons_title": "Ícones de Interação do HUD",
  "interact_icons_desc": "Ativa os ícones de interação coloridos personalizados (serra, desbloqueio, c4 etc).\nApós alterar, é necessário atualizar as texturas para que as mudanças tenham efeito.",
  "interact_text_title": "Transparência do Texto de Interação",
  "interact_text_desc": "Escolha o nível de transparência do texto de interação.",
  "carry_title": "Painel de Carga",
  "animate_text_title": "Animar Texto de Carga",
  "animate_text_desc": "Ativa o texto piscante ao carregar bolsas.",
  "colored_carry_text_title": "Texto de Carga Colorido",
  "colored_carry_text_desc": "Combina o texto de carregamento com a cor atual do jogador.",
  "carry_desc": "Ativa o painel de carregamento personalizado.",
  "carry_value_title": "Exibir Valor do Loot",
  "carry_value_desc": "Exibe o valor do loot carregado.",
  "carry_text_title": "Transparência do Texto de Carga",
  "carry_text_desc": "Escolha o nível de transparência do texto de carregamento.",
  "hud_int_hold_grab_the_bag": "Segure $INTERACT para pegar a $BAG",

  "hmh_assault_title": "Painel de Assalto",
  "hmh_assault_desc": "Opções relacionadas ao painel de assalto.",
  "assault_text_title": "Transparência do Texto de Assalto",
  "assault_text_desc": "Escolha o nível de transparência do texto de assalto.",
  "info_box_title": "Transparência da Infobox",
  "info_box_desc": "Escolha o nível de transparência da caixa de informação.",
  "hostage_panel_title": "Exibir Reféns",
  "hostage_panel_desc": "Ativa/desativa o painel de reféns.",
  "wave_panel_title": "Exibir Ondas",
  "wave_panel_desc": "Ativa/desativa o painel de ondas.",
  "assault_title": "Painel de Assalto Piscante",
  "assault_desc": "Ativa o painel de assalto piscante personalizado.",
  "casing_title": "Texto de Casing",
  "casing_desc": "Ativa o texto de casing.",
  "captain_buff_title": "Exibir Nível de Redução de Dano",
  "captain_buff_desc": "Exibe o nível de redução de dano quando o Capitão está presente. (1 = 10% | 5 = 50%)",
  "hmh_damage_resistance": "$NUM",
  "hmh_hud_assault_assault": "Assalto em Andamento",

  "hmh_joining_player_options_title": "Jogadores Entrando",
  "hmh_joining_player_options_desc": "Opções relacionadas ao painel de clientes que entram em drop-in.",
  "show_rank_title": "Exibir Nível/Rank do Jogador",
  "show_rank_desc": "Exibe o nível e rank dos jogadores que entram durante o jogo.",

  "extracted_preplanning_save": "Salvar Plano",
  "extracted_preplanning_load": "Carregar Plano",
  "extracted_preplanning_reset": "Redefinir Plano",
  "extracted_preplanning_reset_all": "Redefinir Tudo",
  "extracted_preplanning_delete": "Excluir Plano",
  "extracted_preplanning_save_tooltip_title": "Salvar Plano Atual:",
  "extracted_preplanning_save_tooltip_desc": "Salva seu plano atual para facilitar na próxima vez nesta missão.",
  "extracted_preplanning_load_tooltip_title": "Carregar Último Plano:",
  "extracted_preplanning_load_tooltip_desc": "Abre um menu com todos os planos salvos.",
  "extracted_preplanning_reset_tooltip_title": "Redefinir Plano Atual:",
  "extracted_preplanning_reset_tooltip_desc": "Remove todos os seus assets do plano atual, bem como seus votos.",
  "extracted_preplanning_reset_all_tooltip_title": "Redefinir Plano Completo:",
  "extracted_preplanning_reset_all_tooltip_desc": "Remove todos os assets de todos do plano atual, bem como seus votos.",
  "extracted_preplanning_delete_tooltip_title": "Excluir Plano Salvo",
  "extracted_preplanning_delete_tooltip_desc": "Organize seus planos salvos e exclua alguns.",
  "extracted_preplanning_manager_title": "Gerenciador de Preplanning",
  "extracted_preplanning_error_no_saved_plans": "Nenhum plano salvo encontrado.",
  "extracted_preplanning_error_max_plans_reached": "Número máximo de planos salvos atingido.",
  "extracted_preplanning_votes_title": "Votos:",
  "extracted_preplanning_assets_title": "Assets:",
  "extracted_preplanning_dialog_save": "Salvar Plano?",
  "extracted_preplanning_dialog_save_desc": "$PLAN\n\n\nPor favor, insira um nome para este plano.\n(Usar um nome existente sobrescreverá o plano.)",
  "extracted_preplanning_dialog_delete": "Excluir Plano?",
  "extracted_preplanning_dialog_delete_desc": "Tem certeza de que deseja excluir o plano '$NAME'?",
  "extracted_preplanning_msg_saved_success": "Plano atual salvo com sucesso.",
  "extracted_preplanning_msg_saved_failed": "Ocorreu um erro ao salvar o plano.",
  "extracted_preplanning_msg_no_save_slot": "Número máximo de planos salvos atingido.",
  "extracted_preplanning_msg_no_current_plan": "Você não tem nada planejado que possa ser salvo.",
  "extracted_preplanning_msg_loaded_success": "Plano carregado com sucesso.",
  "extracted_preplanning_msg_loaded_failed": "Ocorreu um erro ao carregar o plano.",
  "extracted_preplanning_msg_loaded_partitially": "Plano carregado parcialmente: $ERRORMSG",
  "extracted_preplanning_msg_loaded_missing_skill": "Falta uma habilidade",
  "extracted_preplanning_msg_loaded_missing_favours": "Não há favores suficientes.",
  "extracted_preplanning_msg_loaded_missing_money": "Não há dinheiro suficiente.",
  "extracted_preplanning_msg_reseted_success": "Plano atual redefinido com sucesso.",
  "extracted_preplanning_msg_reseted_failed": "Ocorreu um erro ao redefinir o plano atual.",
  "extracted_preplanning_msg_deleted_success": "Plano excluído com sucesso.",
  "extracted_preplanning_msg_deleted_failed": "Ocorreu um erro ao excluir o plano salvo.",
  "extracted_preplanning_msg_folder_creation_failed": "Falha ao criar pasta: $FOLDER\nVerifique se o jogo tem as permissões necessárias ou crie-a manualmente.",
  "extracted_preplanning_msg_file_creation_failed": "Falha ao criar arquivo: $FILE\nVerifique se o jogo tem as permissões necessárias ou crie-o manualmente.",
  "extracted_dialog_save": "Salvar",

  "HotlineMiamiHudColorOption": "Altere a cor deste elemento de HUD conforme sua preferência.",
  "HotlineMiamiHudTimerTitleID": "Timer do Assalto",
  "HotlineMiamiHudInteractionTitleID": "Texto de Interação",
  "HotlineMiamiHudInteractionOutlineTitleID": "Contornos Interativos",
  "HotlineMiamiHudHintTitleID": "Texto de Dica",
  "HotlineMiamiHudSubTitleID": "Texto de Legendas",

  "HotlineMiamiHudAssaultTextTitleID": "Texto de Assalto",
  "HotlineMiamiHudCasingTextTitleID": "Texto de Modo Discreto",
  "HotlineMiamiHudCasingIconTitleID": "Ícone de Modo Discreto",
  "HotlineMiamiHudNoReturnTextTitleID": "Texto de Ponto sem Retorno",
  "HotlineMiamiHudNoReturnIconTitleID": "Ícone de Ponto sem Retorno",
  "HotlineMiamiHudNoReturnTimerTitleID": "Timer de Ponto sem Retorno",
  "HotlineMiamiHudHoldoutTextTitleID": "Texto de Holdout",
  "HotlineMiamiHudCaptainTextTitleID": "Texto do Capitão Winters",
  "HotlineMiamiHudCaptainBuffIconTitleID": "Ícone de Buff do Capitão Winters",
  "HotlineMiamiHudcaptainBuffTextTitleID": "Nível de Redução de Dano",
  "HotlineMiamiHudHostagesTextTitleID": "Texto de Reféns",
  "HotlineMiamiHudHostagesIconTitleID": "Ícone de Reféns",
  "HotlineMiamiHudWavesIconTitleID": "Ícone de Ondas",
  "HotlineMiamiHudWavesTextTitleID": "Texto de Ondas",

  "HotlineMiamiHudECMIconTitleID": "Ícone de Timer de ECM",
  "HotlineMiamiHudECMTextTitleID": "Tempo Restante de ECM",
  "HotlineMiamiHudEcmMidTitleID": "Tempo Restante de ECM (Médio)",
  "HotlineMiamiHudEcmLowTitleID": "Tempo Restante de ECM (Baixo)",

  "HotlineMiamiHudInspireIconTitleID": "Ícone do Inspire",
  "HotlineMiamiHudInspireTimerTitleID": "Timer do Inspire",

  "HotlineMiamiHudCustodyReleasedTitleID": "Texto de Liberação da Custódia",
  "HotlineMiamiHudCustodyTimerTitleID": "Timer de Custódia",
  "HotlineMiamiHudCivillansTitleID": "Texto de Civis Mortos",
  "HotlineMiamiHudTradeTitleID": "Texto de Troca",

  "HotlineMiamiHudDownedTextTitleID": "Texto de Derrubado",
  "HotlineMiamiHudDownedTimerTitleID": "Timer de Derrubado",

  "HotlineMiamiHudObjectiveTextTitleID": "Texto de Objetivo",
  "HotlineMiamiHudObjectiveIconTitleID": "Ícone de Objetivo",
  "HotlineMiamiHudObjectiveAmountTitleID": "Quantidade de Loot do Objetivo",

  "HotlineMiamiHudPresenterTitleTitleID": "Título do Host",
  "HotlineMiamiHudPresenterTextTitleID": "Texto do Host",

  "HotlineMiamiHudWaypointIconTitleID": "Ícone de Waypoint",
  "HotlineMiamiHudWaypointDistTitleID": "Distância do Waypoint",
  "HotlineMiamiHudWaypointArrowTitleID": "Seta de Waypoint",

  "HotlineMiamiHudGrenadeIconTitleID": "Ícone de Granadas",
  "HotlineMiamiHudGrenadeTextTitleID": "Quantidade de Granadas",
  "HotlineMiamiHudEquipmentIconTitleID": "Ícone de Equipamento",
  "HotlineMiamiHudEquipmentTextTitleID": "Quantidade de Equipamento",
  "HotlineMiamiHudCabletiesIconTitleID": "Ícone de Amarras",
  "HotlineMiamiHudCabletiesTextTitleID": "Texto de Amarras",

  "HotlineMiamiHudPrimFiremodeTitleID": "Modo de Fogo Principal",
  "HotlineMiamiHudSecFiremodeTitleID": "Modo de Fogo Secundário",
  "HotlineMiamiHudLowAmmoTitleID": "Pouca Munição",
  "HotlineMiamiHudTotalAmmoTitleID": "Munição Total",
  "HotlineMiamiHudClipAmmoTitleID": "Munição Atual",

  "HotlineMiamiHudAbilityIconTitleID": "Ícone de Habilidade",
  "HotlineMiamiHudArmorerTimerTitleID": "Timer de Cooldown do Armorer/Anarchist",
  "HotlineMiamiHudCopycatTimerTitleID": "Timer de Cooldown do Período de Habilidade do Copycat",

  "HotlineMiamiHudPlayer1TitleID": "Jogador 1",
  "HotlineMiamiHudPlayer2TitleID": "Jogador 2",
  "HotlineMiamiHudPlayer3TitleID": "Jogador 3",
  "HotlineMiamiHudPlayer4TitleID": "Jogador 4",
  "HotlineMiamiHudPlayerAiTitleID": "Bot",
  "HotlineMiamiHudSystemTitleID": "Sistema"

}
