{
	"hmh_damage_resistance" : "$NUM",
	"hmh_hud_assault_assault" : "突击进行中",
	"hmh_hud_stats_enemies_dominated" : "拷上手铐的敌人",
	"HMH_bloodthirst_multiplier" : "$NUM",

	"hmh_title" : "迈阿密热线Hud",
	"hmh_desc" : "迈阿密热线Hud选项",

	"hud_scale_title" : "Hud比例",
    "hud_scale_desc" : "更改Hud尺寸",
   
    "mod_overrides_title" : "启用Mod覆盖更新",
    "mod_overrides_desc" : "可将菜单更改为迈阿密热线的自定义纹理和字体\n你需要重启游戏来使更改生效",
	"mod_font_title" : "自定义文本字体",
	"mod_font_desc" : "启用自定义像素字体（可能会导致乱码，慎选）\n你需要重启游戏来使更改生效",

	"hmh_hud_title" : "玩家/团队 面板",
	"hmh_hud_desc" : "自定义玩家和团队面板",
	"color_name_title" : "彩色姓名板",
	"color_name_desc" : "",
	"interact_info_title" : "队友互动文本",
	"interact_info_desc" : "",
	"color_bag_title" : "彩色包裹图标",
	"color_bag_desc" : "",
	"pickups_title" : "彩色拾取物",
	"pickups_desc" : "",
	"equipment_title" : "彩色随身装备",
	"equipment_desc" : "",
	"ammo_title" : "定制弹药",
	"ammo_desc" : "自定义弹药颜色和动画",
	"trueammo_title" : "使用真实弹药",
	"trueammo_desc" : "显示你的剩余弹药，不包括当前武器中的弹药。",
	"ping_title" : "显示玩家ping值",
	"ping_desc" : "在玩家姓名版上显示ping值",
    "bulletstorm_title" : "子弹风暴提示",
	"bulletstorm_desc" : "",
	"screen_effect_title" : "技能屏幕效果",
	"screen_effect_desc" : "当天鹅绝唱或主脑注射器生效时，使屏幕闪烁。",	
	"health_texture_title" : "自定义健康条纹理",
	"health_texture_desc" : "启用自定义的健康条纹理\n你需要重启游戏来使更改生效",
	"color_title" : "自定义名称和聊天颜色",
	"color_desc" : "启用自定义聊天颜色",

	"hmh_tab_title" : "Tab统计",
	"hmh_tab_desc" : "自定义tab统计面板",
	"tab_title" : "自定义tab统计",
	"tab_desc" : "启用tab统计更改。",
	"enemy_count_title" : "敌人计数",
	"enemy_count_desc" : "显示地图上敌人的数量",

	"hmh_waypoints_title" : "导航点",
	"hmh_waypoints_desc" : "自定义导航点",
	"waypoints_title" : "自定义导航点",
	"waypoints_desc" : "启用自定义彩色导航点",
	"greenciv_title" : "和平平民的可选绿色图标",
	"greenciv_desc" : "",

	"hmh_timer_title" : "计时器",
	"hmh_timer_desc" : "自定义劫案计时器",
	"timer_title" : "自定义劫案计时器",
	"timer_desc" : "启用自定义彩色劫案计时器",

	"hmh_presenter_title" : "讲述者",
	"hmh_presenter_desc" : "自定义 讲述者 面板",
	"presenter_title" : "自定义 讲述者 面板",
	"presenter_desc" : "启用 自定义彩色讲述者 面板",

	"hmh_interact_title" : "交互",
	"hmh_interact_desc" : "自定义交互设置",
	"interact_title" : "自定义交互文本",
	"interact_desc" : "启用自定义彩色交互文本",
	"interact_texture_title" : "自定义交互纹理",
	"interact_texture_desc" : "启用自定义交互纹理\n你需要重启游戏来使更改生效",
	"stealth_c4_title" : "聚能炸药抑制助手",
	"stealth_c4_desc" : "以防出现事故，你需要双击才能在潜入中部署聚能炸药",
	"interact_icons_title" : "Hud交互图标",
	"interact_icons_desc" : "启用自定义彩色交互图标（电锯、锁、c4等）\n你需要重启游戏来使更改生效",	

	"hmh_hint_title" : "提示",
	"hmh_hint_desc" : "自定义提示文本",
	"hint_title" : "自定义提示文本",
	"hint_desc" : "启用自定义彩色提示文本",
	
	"hmh_suspicion_title" : "怀疑度",
	"hmh_suspicion_desc" : "自定义可疑度表",
	"suspicion_title" : "自定义可疑度表",
	"suspicion_desc" : "添加自定义的彩色可疑度计量器\n你需要重启游戏来使更改生效",

	"hmh_downed_title" : "拘留和倒地",
	"hmh_downed_desc" : "自定义拘留和倒地文本",
	"downed_title" : "自定义倒地文本",
	"downed_desc" : "",
	"custody_title" : "自定义拘留文本",
	"custody_desc" : "",

	"hmh_carry_title" : "携带",
	"hmh_carry_desc" : "自定义携带面板",
	"carry_title" : "自定义携带面板",
	"carry_desc" : "启用自定义携带面板",

	"hmh_assault_title" : "突击横幅",
	"hmh_assault_desc" : "自定义突击面板",
	"assault_title" : "自定义突击面板",
	"assault_desc" : "启用自定义突击面板（可能与其他Hud冲突导致崩溃）",
	"infoboxes_title" : "Ecm计时器",
	"infoboxes_desc" : "潜入中启用Ecm计时器",

	"hmh_objective_title" : "目标",
	"hmh_objective_desc" : "自定义目标面板",
	"objective_title" : "自定义目标面板",
	"objective_desc" : "启用自定义目标面板",
	"combo_title" : "组合计数器",
	"combo_desc" : "启用迈阿密热线风格的组合计数器",

	"hmh_subs_title" : "字幕",
	"hmh_subs_desc" : "自定义字幕",
	"subs_title" : "自定义字幕文本",
	"subs_desc" : "启用自定义字幕",

	"hmh_menu_options_title" : "菜单选项",
	"hmh_menu_options_desc" : "自定义菜单",
	"menu_color_title" : "自定义菜单颜色",
	"menu_color_desc" : "启用自定义菜单颜色",
	"skip_blackscreen_title" : "跳过黑屏",
	"skip_blackscreen_desc" : "任务开始时自动跳过黑屏",
	"skip_xp_title" : "结算界面延迟",
	"skip_xp_desc" : "结算经验后，经过多少秒继续\n(0 = 不等待)",
	"pick_card_title" : "自动选择卡片",
	"pick_card_desc" : "在战利品选择界面中自动选择一张卡片",
	"skip_card_title" : "卡片界面延迟",
	"skip_card_desc" : "自动跳过战利品选择界面.\n(0 = 不跳过)",	
	"custom_filter_title" : "自定义菜单颜色分级",
	"custom_filter_desc" : "这将禁用默认的蓝色菜单颜色滤镜。菜单颜色分级可以在“高级设置”下的“游戏视频选项”中更改。",
	"custom_menu_background_title" : "菜单背景",
	"custom_menu_background_desc" : "选择要使用哪一个菜单背景",
	"default_background" : "默认",
	"custom_background" : "经典紫色",
	
	"extracted_preplanning_save" : "保存计划",
	"extracted_preplanning_load" : "载入计划",
	"extracted_preplanning_reset" : "重置计划",
	"extracted_preplanning_reset_all" : "重置所有计划",
	"extracted_preplanning_delete" : "删除计划",
	"extracted_preplanning_save_tooltip_title" : "保存当前的计划:",
	"extracted_preplanning_save_tooltip_desc" : "保存当前的计划，下次使用时更轻松。",
	"extracted_preplanning_load_tooltip_title" : "载入已保存的计划:",
	"extracted_preplanning_load_tooltip_desc" : "打开已保存的计划菜单。",
	"extracted_preplanning_reset_tooltip_title" : "重置当前的计划:",
	"extracted_preplanning_reset_tooltip_desc" : "重置当前计划中您的所有花费以及点数。",
	"extracted_preplanning_reset_all_tooltip_title" : "重置完成的计划:",
	"extracted_preplanning_reset_all_tooltip_desc" : "重置当前计划中所有人的花费以及点数。",
	"extracted_preplanning_delete_tooltip_title" : "删除已保存的计划",
	"extracted_preplanning_delete_tooltip_desc" : "打开删除已保存的计划菜单。",
	"extracted_preplanning_manager_title" : "预计划管理器",
	"extracted_preplanning_error_no_saved_plans" : "没有找到已保存的计划。",
	"extracted_preplanning_error_max_plans_reached" : "计划达到最大数量。",
	"extracted_preplanning_votes_title" : "点数:",
	"extracted_preplanning_assets_title" : "花费:",
	"extracted_preplanning_dialog_save" : "要保存这套计划吗？",
	"extracted_preplanning_dialog_save_desc" : "$PLAN\n\n\n请为这套计划命名\n（使用已有名称将覆盖原计划）",
	"extracted_preplanning_dialog_delete" : "要删除这套计划吗？",
	"extracted_preplanning_dialog_delete_desc" : "您确定要删除 '$NAME' 这套计划吗？",
	"extracted_preplanning_msg_saved_success" : "这套计划已成功保存。",
	"extracted_preplanning_msg_saved_failed" : "保存这套计划时发生错误。",
	"extracted_preplanning_msg_no_save_slot" : "计划达到最大数量。",
	"extracted_preplanning_msg_no_current_plan" : "您没有计划可以修改。",
	"extracted_preplanning_msg_loaded_success" : "这套计划已成功加载。",
	"extracted_preplanning_msg_loaded_failed" : "加载这套计划时发生错误。",
	"extracted_preplanning_msg_loaded_partitially" : "只能载入部分计划: $ERRORMSG",
	"extracted_preplanning_msg_loaded_missing_skill" : "缺少技能",
	"extracted_preplanning_msg_loaded_missing_favours" : "没有足够的点数",
	"extracted_preplanning_msg_loaded_missing_money" : "没有足够的现金",
	"extracted_preplanning_msg_reseted_success" : "当前计划已重置。",
	"extracted_preplanning_msg_reseted_failed" : "重置当前计划时发生错误。",
	"extracted_preplanning_msg_deleted_success" : "这套计划已成功删除。",
	"extracted_preplanning_msg_deleted_failed" : "删除这套计划时发生错误。",
	"extracted_preplanning_msg_folder_creation_failed" : "无法创建文件夹: $FOLDER \n请确保游戏具有所需的权限或手动创建。",
	"extracted_preplanning_msg_file_creation_failed" : "文件创建失败: $FILE \n请确保游戏具有所需的权限或手动创建。",

	"no_confirm_title" : "禁用确认对话框",
	"no_confirm_desc" : "对某些操作禁用确认对话框",
	"crew_loadout_tab_desc" : "在大厅中显示技能，天赋和当前玩家延迟。 \n（如果您使用Lobby Player Info的功能，则为禁用）",
	"crew_loadout_desc" : "在大厅屏幕上添加一个按钮，可以显示你和你队友的装备.",
	"crew_loadout_briefing_desc" : "替换任务简报中的默认“队友装备”面板.",
	"profile_menu_title" : "更换配置文件菜单",
	"profile_menu_desc" : "用WolfHUD的配置文件菜单替换默认.",
	"stamina_title" : "显示耐力环",
	"stamina_desc" : "将耐力环显示在你的生命环内侧.",
	"headshot_mark_title" : "爆头射击确认圈",
	"headshot_mark_desc" : "当你执行爆头打击时，在命中标记周围添加一个圆圈",

	"crew_loadout_tab_title" : "在统计面板中显示玩家装备",
	"crew_loadout_title" : "在大厅中显示玩家装备",
	"crew_loadout_briefing_title" : "在简报中显示玩家装备",
	"carry_value_title" : "显示战利品的价值",
	"carry_value_desc" : "显示携带的战利品的价值\n（需要启用自定义携带面板）",
	"default_interact" : "默认互动圈",
	"50bl_interact" : "50 blessings",
	"pink_interact" : "粉红互动圈",
	"hm2_interact" : "错误的数字",
	"waypoint_alpha_title" : "导航点不透明度",
	"waypoint_alpha_desc" : "选择导航点标记的透明度",
	"custom_tab_color_title" : "自定义统计面板颜色",
	"custom_tab_color_desc" : "为统计菜单着色",
	"stop_ai_title" : "ai停止图标",
	"stop_ai_desc" : "使用自定义的ai停止图标",
    "casing_title" : "面具提示文本",
    "casing_desc" : "启用面具提示文本",
	
	"HotlineMiamiHudOptionsButtonTitleID" : "Hotline Miami Hud 颜色选项",
	"HotlineMiamiHudColorOption" : "根据自己的喜好更改 HUD 各个元素的颜色",
	"HotlineMiamiHudAssaultTitleID" : "突击面板",
	"HotlineMiamiHudCustodyTitleID" : "拘留面板",
	"HotlineMiamiHudObjectivesTitleID" : "目标面板",
	"HotlineMiamiHudPresenterTitleID" : "讲述者面板",
	"HotlineMiamiHudWaypointTitleID" : "导航点",
	"HotlineMiamiHudTeamTitleID" : "团队面板",

    "HotlineMiamiHudTimerTitleID" : "计时器",
	"HotlineMiamiHudInteractionTitleID" : "互动文本",
	"HotlineMiamiHudHintTitleID" : "提示文本",
	"HotlineMiamiHudSubTitleID" : "字幕文本",

	"HotlineMiamiHudAssaultTextTitleID" : "突击文本",
	"HotlineMiamiHudCasingTextTitleID" : "提示面具文本",
	"HotlineMiamiHudCasingIconTitleID" : "提示面具图标",
	"HotlineMiamiHudNoReturnTextTitleID" : "失败计时文本",
	"HotlineMiamiHudNoReturnIconTitleID" : "失败计时图标",
	"HotlineMiamiHudNoReturnTimerTitleID" : "失败计时器",
	"HotlineMiamiHudHoldoutTextTitleID" : "坚守模式突击文本",
	"HotlineMiamiHudCaptainTextTitleID" : "冬日队长文本",
	"HotlineMiamiHudCaptainBuffIconTitleID" : "冬日队长buff图标",
	"HotlineMiamiHudHostagesTextTitleID" : "人质文本",
	"HotlineMiamiHudHostagesIconTitleID" : "人质图标",
	"HotlineMiamiHudWavesIconTitleID" : "袭击波数图标",
	"HotlineMiamiHudWavesTextTitleID" : "袭击波数文本",
	"HotlineMiamiHudECMIconTitleID" : "ECm计时器图标",
	"HotlineMiamiHudECMTextTitleID" : "ECM计时器文本",

	"HotlineMiamiHudCustodyReleasedTitleID" : "拘留释放文本",
	"HotlineMiamiHudCustodyTimerTitleID" : "拘留计时器",
	"HotlineMiamiHudCivillansTitleID" : "平民击杀文本",
	"HotlineMiamiHudTradeTitleID" : "交易文本",

	"HotlineMiamiHudDownedTextTitleID" : "倒地文本",
	"HotlineMiamiHudDownedTimerTitleID" : "倒地计数器",

	"HotlineMiamiHudObjectiveTextTitleID" : "目标文本",
	"HotlineMiamiHudObjectiveIconTitleID" : "目标图标",
	"HotlineMiamiHudObjectiveAmountTitleID" : "目标战利品数量",

	"HotlineMiamiHudPresenterTitleTitleID" : "讲述者标题",
	"HotlineMiamiHudPresenterTextTitleID" : "讲述者文本",

	"HotlineMiamiHudWaypointIconTitleID" : "导航点图标",
	"HotlineMiamiHudWaypointDistTitleID" : "导航点距离",
	"HotlineMiamiHudWaypointArrowTitleID" : "导航点箭头",

	"HotlineMiamiHudGrenadeIconTitleID" : "手榴弹图标",
	"HotlineMiamiHudGrenadeTextTitleID" : "手榴弹数量",
	"HotlineMiamiHudEquipmentIconTitleID" : "装备图标",
	"HotlineMiamiHudEquipmentTextTitleID" : "装备数量",
	"HotlineMiamiHudCabletiesIconTitleID" : "绑带图标",
	"HotlineMiamiHudCabletiesTextTitleID" : "绑带文本",
	"HotlineMiamiHudPrimFiremodeTitleID" : "主武器开火模式",
	"HotlineMiamiHudSecFiremodeTitleID" : "副武器开火模式",
	"HotlineMiamiHudLowAmmoTitleID" : "弹药不足",
	"HotlineMiamiHudTotalAmmoTitleID" : "总弹药量",
	"HotlineMiamiHudClipAmmoTitleID" : "当前弹药量",

	"HotlineMiamiHudPlayer1TitleID" : "玩家1",
	"HotlineMiamiHudPlayer2TitleID" : "玩家2",
	"HotlineMiamiHudPlayer3TitleID" : "玩家3",
	"HotlineMiamiHudPlayer4TitleID" : "玩家4",
	"HotlineMiamiHudPlayerAiTitleID" : "ai队友",
	"HotlineMiamiHudSystemTitleID" : "系统",

	"assault_text_title" : "Assault Text Transparency",
	"assault_text_desc" : "Choose a value for how translucent the assault text will be.",
	"info_box_title" : "Infobox Transparency",
	"info_box_desc" : "Choose a value for how translucent the assault text will be.",
	"objective_text_title" : "Objective Text Transparency",
	"objective_text_desc" : "Choose a value for how translucent the objective text will be.",
	"timer_text_title" : "Heist Timer Transparency",
	"timer_text_desc" : "Choose a value for how translucent the timer text will be.",
	"hint_text_title" : "Hint Transparency",
	"hint_text_desc" : "Choose a value for how translucent the hint text will be.",
	"present_text_title" : "Presenter Panel Transparency",
	"present_text_desc" : "Choose a value for how translucent the presenter text will be.",
	"interact_text_title" : "Interaction Text Transparency",
	"interact_text_desc" : "Choose a value for how translucent the interaction text will be.",
	"carry_text_title" : "Carry Text Transparency",
	"carry_text_desc" : "Choose a value for how translucent the carrying text will be.",
	"sub_text_title" : "Subtitle Transparency",
	"sub_text_desc" : "Choose a value for how translucent the subtitles text will be.",
	"downed_text_title" : "Downed Text Transparency",
	"downed_text_desc" : "Choose a value for how translucent the downed text will be.",
	"custody_text_title" : "Custody Text Transparency",
	"custody_text_desc" : "Choose a value for how translucent the custody text will be.",
	"promt_title" : "Colored Promt Panel",
	"promt_desc" : "",
	"mouse_pointer_title" : "Mouse Pointer",
	"mouse_pointer_desc" : "Choose what mouse pointer to use.\nWhen changed, a texture refresh is required for the changes to take effect.",
	"default_mouse_pointer" : "Default",
	"fingerless_gloves" : "Fingerless Gloves",
	"jacket" : "Jacket",
	"pink_mouse_pointer" : "Pink",
	"silent_obj_title" : "No Objective Sound",
	"silent_obj_desc" : "Replaces the objective sound with silence.",
	"pink_corner_title" : "Pink Hud Corners",
	"pink_corner_desc" : "Makes the corners of hud elements pink.",
	"preset_title" : "Presets",
	"preset_desc" : "Choose a hud preset.",
	"preset_warning" : "CHANGING PRESETS WILL RESET ALL SETTINGS!",
	"restart_preset_title" : "RESTART ID REQUIRED FOR THE PRESET TO CHANGE",
    "preset_multi_title" : "Hud Presets",
	"preset_multi_desc" : "Choose a hud preset.",
	"custom_preset" : "Custom",
	"hotline_vibe" : "Hotline Miami",
	"vanilla_classic" : "Classic Vanilla",
	"hmh_menu_panel_text" : "Menu",
	"hmh_inventory_panel_text" : "Inventory",
	"hmh_downed_panel_text" : "Downed Text",
	"hmh_custody_panel_text" : "Custody Text",
	"hmh_tab_panel_text" : "Tabstats Panel",
	"hmh_subs_panel_text" : "Subtitles",
	"hmh_tab_and_subs_title" : "Tabstats And Subtitles",
	"hmh_tab_and_subs_desc" : "Options related to the tabstats panel and subtitle text.",
	"hmh_waypoints_and_detection_title" : "Waypoints And Detection",
	"hmh_waypoints_and_detection_desc" : "Options related to waypoints and the stealth detection panel.",
	"hmh_waypoints_panel_text" : "Waypoints",
	"hmh_suspicion_panel_text" : "Detection Panel",
	"hmh_objective_and_timer_title" : "Heist Timer And Objectives",
	"hmh_objective_and_timer_desc" : "Options related to the heist timer and objectives panels.",
	"hmh_timer_panel_text" : "Heist Timer",
	"hmh_objectives_panel_text" : "Objectives Panel",
	"hmh_notifications_title" : "Notifications",
	"hmh_notifications_desc" : "Options related to hud notifications.",
	"hmh_presenter_panel_text" : "Presenter Notifications",
	"hmh_hints_panel_text" : "Hint Notifications",
	"hmh_interact_and_carry_title" : "Interaction And Carry Text",
	"hmh_interact_and_carry_desc" : "Options related to the interaction panel and the bag carry panel.",
	"hmh_interact_panel_text" : "Interaction Panel",
	"hmh_carry_panel_text" : "Carry Panel",
	"refresh_title" : "Refresh Textures",
	"refresh_desc" : "This will apply any texture changes that have been made.\nFor example font or health texture changes.",
	"hmh_hud_options_title" : "Hud Options",
	"hmh_hud_options_desc" : "Customize the hud.",
	"hmh_ecm_timer_title" : "ECM Timer",
	"hmh_ecm_timer_desc" : "ECM timer options",
	"hmh_skip_menu_options_title" : "Menu Skipper",
	"hmh_skip_menu_options_desc" : "",
	"hmh_main_menu_options_title" : "Main Menu",
	"hmh_main_menu_options_desc" : "",
	"hmh_enhanced_loadout_options_title" : "Enhanced Loadout",
	"hmh_enhanced_loadout_options_desc" : "",
	"no_menu_textures_title" : "Enable Menu Textures",
	"no_menu_textures_desc" : "This will delete the menu textures from the mod_overrides.\nWhen changed, a texture refresh is required for the changes to take effect.",
	"hmh_hud_ability_title" : "Player Abilities",
	"hmh_hud_ability_desc" : "",
	"infoboxes_title" : "ECM Timer",
	"infoboxes_desc" : "Enable an ECM timer in stealth.",
	"pager_jam_title" : "Only Display ECM Timers With Pager Delay",
	"pager_jam_desc" : "Hides ECM timers that don't delay pagers.",
	"hmh_inventory_options_title" : "Inventory",
	"hmh_inventory_options_desc" : "",
	"HotlineMiamiHudInteractionOutlineTitleID" : "Interactable Outlines",
	"inventory_amount_title" : "Show Equipment Amount",
	"inventory_amount_desc" : "Displays how many deployables/grenades the player has.",
	"HotlineMiamiHudAbilityIconTitleID" : "Ability Icon",
	"HotlineMiamiHudArmorerTimerTitleID" : "Armorer/Anarchist Cooldown Timer",
	"HotlineMiamiHudCopycatTimerTitleID" : "Copycat Grace Period Cooldown Timer",
	"HotlineMiamiHudEcmMidTitleID" : "ECM Medium Time left",
	"HotlineMiamiHudEcmLowTitleID" : "ECM Low Time Left",
	"colored_downs_desc" : "Disable this to use the default white downcounter.",
	"armorer_timer_title" : "Invulnerability Cooldown Timer",
	"armorer_timer_desc" : "Displays a timer counting down the cooldown for the invulnerability (Anarchist/Armorer/Copycat).",
	"armorer_radial_title" : "Invulnerability Duration Display",
	"armorer_radial_desc" : "Shows the duration of the invulnerability period (Anarchist/Armorer/Copycat).",
	"animate_text_title" : "Animate Carry Text",
	"animate_text_desc" : "Enable the flashing text when carrying bags.",
	"colored_carry_text_title" : "Colored Carry Text",
	"colored_carry_text_desc" : "Matches the carrying text with the current player color.",
	"HMH_warning_desc" : "Some of your changes may not take effect until the next heist!",
	"ability_icon_title" : "Show Ability Icon",
	"ability_icon_desc" : "",
	"pocket_ecm_title" : "Display Pocket ECM",
	"pocket_ecm_desc" : "Include pocket ECMs in the ECM timer.",
	"hide_hudbox_title" : "Always Hide Corners/Background",
	"hide_hudbox_desc" : "The hudbox corners and background will always be hidden even when the rest of the assault panel options are disabled.",
	"no_smoke_title" : "No Menu Smoke",
	"no_smoke_desc" : "Disables the smoke in the main menu.\nWhen changed, a texture refresh is required for the changes to take effect.",
	"captain_buff_title" : "Show Damage Reduction Level",
	"captain_buff_desc" : "Shows damage reduction level when Captain is present. (1 = 10% | 5 = 50%)",
	"HotlineMiamiHudcaptainBuffTextTitleID" : "Damage Reduction Level",
	"panel_position_title" : "Vertical Position",
	"panel_position_desc" : "Change the vertical position of the combo counter.",
	"hmh_combo_options_title" : "Combo Counter",
	"hmh_combo_options_desc" : "Combo counter options.",
	"combo_kill_anim_title" : "Kill Anmiation",
	"combo_kill_anim_desc" : "Animate the counter for each kill.",
	"combo_kill_flash_title" : "Combo Text Flash",
	"combo_kill_flash_desc" : "Flash the combo text for each kill.",
	"hostage_panel_title" : "Show Hostages",
	"hostage_panel_desc" : "Enable/disable the hostage panel.",
	"wave_panel_title" : "Show Waves",
	"wave_panel_desc" : "Enable/disable the wave panel",
	"hmh_joining_player_options_title" : "Joining Players",
	"hmh_joining_player_options_desc" : "",
	"show_rank_title" : "Show Player Rank / Level",
	"show_rank_desc" : "Displays the level and rank of players that are joining mid game.",
	"interaction" : "Interaction Texture",
	"disabled_icon" : "Disabled",
	"heart_interact" : "Pixel Heart",
	"default_health" : "Default",
	"faded_health" : "Faded",
	"pixel_health" : "Pixel Heart",
	"circle_icon" : "Red Circle",
	"50blessings" : "50 Blessings",
	"faded_interact" : "Faded",
	"hidden_interact" : "Hidden",
	"triangle_interact" : "Neon Triangle",
	"hud_stats_bags_unsecured" : "UNSECURED LOOT",
	"hud_stats_unopened_crates" : "UNOPENED CRATES",
	"loot_count_title" : "Loot Counter",
	"loot_count_desc" : "Shows the amount of loot on the map.",
	"hmh_switch_profile" : "Switch Profiles",
	"hmh_buff_list_title" : "Buffs",
	"hmh_buff_list_desc" : "Buff Options.",
	"HotlineMiamiHudInspireIconTitleID" : "Icon",
	"HotlineMiamiHudInspireTimerTitleID" : "Timer",
	"inspire_timer_x_title" : "Horisontal Position",
	"inspire_timer_x_desc" : "Change the horisontal position of the timer.",
	"inspire_timer_y_title" : "Vertical Position",
	"inspire_timer_y_desc" : "Change the vertical position of the timer.",
	"inspire_title" : "Inspire Cooldown Timer",
	"inspire_desc" : "Displays a timer for the inspire cooldown.",
	"bloodthirst_title" : "Bloodthirst",
	"bloodthirst_desc" : "Displays the melee damage multiplier for bloodthirst.",
	"bloodthirst_min_kills_title" : "Multiplier Limit",
	"bloodthirst_min_kills_desc" : "Change how high the multiplier needs to be before it's shown on the hud.",
	"bloodthirst_x_title" : "Horisontal Position",
	"bloodthirst_x_desc" : "Change the horisontal position of the timer.",
	"bloodthirst_y_title" : "Vertical Position",
	"bloodthirst_y_desc" : "Change the vertical position of the timer.",
	"team_bg_title" : "Hide Panel Background",
	"team_bg_desc" : "Hides the background on the team panels."
}