{
	"hud_instruct_mask_on" : "",
	"hud_int_hold_grab_the_bag" : "按住 $INTERACT 捡起 $BAG",
	"hmh_dialog_force_start_title" : "强制开始游戏？",
	"hmh_dialog_force_start_desc" : "你确定要强制游戏开始吗？",
	"hmh_hud_assault_assault" : "突击进行中",
	"hmh_inspire_cooldown_text" : "激励启发冷却剩余时间:",
	"hmh_int_locked" : "按 $BTN_CANCEL 中断",
	"hmh_int_locked_pager" : "按 $BTN_CANCEL 中断\n(触发警报)",
	"hmh_hud_stats_enemies_dominated" : "拷上手铐的敌人",

	"hmh_title" : "迈阿密热线Hud",
	"hmh_desc" : "迈阿密热线Hud选项",

	"hud_scale_title" : "Hud比例",
    "hud_scale_desc" : "更改Hud尺寸",
   
    "mod_overrides_title" : "启用Mod覆盖更新",
    "mod_overrides_desc" : "可将菜单更改为迈阿密热线的自定义纹理和字体\n你需要重启游戏来使更改生效",
	"mod_font_title" : "自定义文本字体",
	"mod_font_desc" : "启用自定义像素字体（可能会导致乱码，慎选）\n你需要重启游戏来使更改生效",

	"hmh_hud_title" : "玩家/团队 面板",
	"hmh_hud_desc" : "自定义玩家和团队面板",
	"PLAYER_down_title" : "显示玩家倒地计数",
	"PLAYER_down_desc" : "在Hud中显示你的倒地计数",
	"TEAM_down_title" : "显示队友倒地计数",
	"TEAM_down_desc" : "在Hud中显示队友的倒地计数",
	"voice_title" : "团队语音聊天图标",
	"voice_desc" : "玩家在游戏中说话时显示一个图标",
	"color_name_title" : "彩色姓名板",
	"color_name_desc" : "",
	"interact_info_title" : "队友互动文本",
	"interact_info_desc" : "",
	"color_bag_title" : "彩色包裹图标",
	"color_bag_desc" : "",
	"pickups_title" : "彩色拾取物",
	"pickups_desc" : "",
	"equipment_title" : "彩色随身装备",
	"equipment_desc" : "",
	"ammo_title" : "定制弹药",
	"ammo_desc" : "自定义弹药颜色和动画",
	"trueammo_title" : "使用真实弹药",
	"trueammo_desc" : "显示你的剩余弹药，不包括当前武器中的弹药。",
	"ping_title" : "显示玩家ping值",
	"ping_desc" : "在玩家姓名版上显示ping值",
    "bulletstorm_title" : "子弹风暴提示",
	"bulletstorm_desc" : "",
	"screen_effect_title" : "技能屏幕效果",
	"screen_effect_desc" : "当天鹅绝唱或主脑注射器生效时，使屏幕闪烁。",	
	"health_texture_title" : "自定义健康条纹理",
	"health_texture_desc" : "启用自定义的健康条纹理\n你需要重启游戏来使更改生效",
	"color_title" : "自定义名称和聊天颜色",
	"color_desc" : "启用自定义聊天颜色",

	"hmh_custom_chat_title" : "聊天",
	"hmh_custom_chat_desc" : "自定义聊天",
	"custom_chat_title" : "自定义聊天",
	"custom_chat_desc" : "启用自定义聊天",

	"hmh_tab_title" : "Tab统计",
	"hmh_tab_desc" : "自定义tab统计面板",
	"tab_title" : "自定义tab统计",
	"tab_desc" : "启用tab统计更改。",
	"enemy_count_title" : "敌人计数",
	"enemy_count_desc" : "显示地图上敌人的数量",

	"hmh_waypoints_title" : "导航点",
	"hmh_waypoints_desc" : "自定义导航点",
	"waypoints_title" : "自定义导航点",
	"waypoints_desc" : "启用自定义彩色导航点",
	"greenciv_title" : "和平平民的可选绿色图标",
	"greenciv_desc" : "",

	"hmh_timer_title" : "计时器",
	"hmh_timer_desc" : "自定义劫案计时器",
	"timer_title" : "自定义劫案计时器",
	"timer_desc" : "启用自定义彩色劫案计时器",

	"hmh_presenter_title" : "讲述者",
	"hmh_presenter_desc" : "自定义 讲述者 面板",
	"presenter_title" : "自定义 讲述者 面板",
	"presenter_desc" : "启用 自定义彩色讲述者 面板",

	"hmh_interact_title" : "交互",
	"hmh_interact_desc" : "自定义交互设置",
	"interact_title" : "自定义交互文本",
	"interact_desc" : "启用自定义彩色交互文本",
	"interact_texture_title" : "自定义交互纹理",
	"interact_texture_desc" : "启用自定义交互纹理\n你需要重启游戏来使更改生效",
	"toggle_interact_title" : "切换交互",
	"toggle_interact_desc" : "选择要锁定多长时间以上的交互 (0 = 不锁定)",
	"interupt_interact_title" : "设备中断键",
	"interupt_interact_desc" : "单击交互按钮将中断交互",
	"interupt_interact_hint_title" : "显示中断提示",
	"interupt_interact_hint_desc" : "显示文本提醒你，按哪个键会打断你的互动",
	"stealth_c4_title" : "聚能炸药抑制助手",
	"stealth_c4_desc" : "以防出现事故，你需要双击才能在潜入中部署聚能炸药",
	"interact_icons_title" : "Hud交互图标",
	"interact_icons_desc" : "启用自定义彩色交互图标（电锯、锁、c4等）\n你需要重启游戏来使更改生效",	

	"hmh_hint_title" : "提示",
	"hmh_hint_desc" : "自定义提示文本",
	"hint_title" : "自定义提示文本",
	"hint_desc" : "启用自定义彩色提示文本",
	"inspire_title" : "启用冷却提示",
	"inspire_desc" : "显示一条带有剩余冷却时间的提示消息。",
	
	"hmh_suspicion_title" : "怀疑度",
	"hmh_suspicion_desc" : "自定义可疑度表",
	"suspicion_title" : "自定义可疑度表",
	"suspicion_desc" : "添加自定义的彩色可疑度计量器\n你需要重启游戏来使更改生效",

	"hmh_downed_title" : "拘留和倒地",
	"hmh_downed_desc" : "自定义拘留和倒地文本",
	"downed_title" : "自定义倒地文本",
	"downed_desc" : "",
	"custody_title" : "自定义拘留文本",
	"custody_desc" : "",

	"hmh_carry_title" : "携带",
	"hmh_carry_desc" : "自定义携带面板",
	"carry_title" : "自定义携带面板",
	"carry_desc" : "启用自定义携带面板",

	"hmh_assault_title" : "突击横幅",
	"hmh_assault_desc" : "自定义突击面板",
	"assault_title" : "自定义突击面板",
	"assault_desc" : "启用自定义突击面板（可能与其他Hud冲突导致崩溃）",
	"infoboxes_title" : "Ecm计时器",
	"infoboxes_desc" : "潜入中启用Ecm计时器",
	"pager_jam_title" : "进阶的Ecm图标",
	"pager_jam_desc" : "在Ecm上显示一个图标当它干扰一个对讲机回答",

	"hmh_objective_title" : "目标",
	"hmh_objective_desc" : "自定义目标面板",
	"objective_title" : "自定义目标面板",
	"objective_desc" : "启用自定义目标面板",
	"combo_title" : "组合计数器",
	"combo_desc" : "启用迈阿密热线风格的组合计数器",

	"hmh_subs_title" : "字幕",
	"hmh_subs_desc" : "自定义字幕",
	"subs_title" : "自定义字幕文本",
	"subs_desc" : "启用自定义字幕",

	"hmh_menu_options_title" : "菜单选项",
	"hmh_menu_options_desc" : "自定义菜单",
	"menu_color_title" : "自定义菜单颜色",
	"menu_color_desc" : "启用自定义菜单颜色",
	"skip_blackscreen_title" : "跳过黑屏",
	"skip_blackscreen_desc" : "任务开始时自动跳过黑屏",
	"skip_xp_title" : "结算界面延迟",
	"skip_xp_desc" : "结算经验后，经过多少秒继续\n(0 = 不等待)",
	"pick_card_title" : "自动选择卡片",
	"pick_card_desc" : "在战利品选择界面中自动选择一张卡片",
	"skip_card_title" : "卡片界面延迟",
	"skip_card_desc" : "自动跳过战利品选择界面.\n(0 = 不跳过)",	
	"custom_filter_title" : "自定义菜单颜色分级",
	"custom_filter_desc" : "这将禁用默认的蓝色菜单颜色滤镜。菜单颜色分级可以在“高级设置”下的“游戏视频选项”中更改。",
	"custom_menu_background_title" : "菜单背景",
	"custom_menu_background_desc" : "选择要使用哪一个菜单背景",
	"default_background" : "默认",
	"custom_background" : "经典紫色",
	
	"extracted_preplanning_save" : "保存计划",
	"extracted_preplanning_load" : "载入计划",
	"extracted_preplanning_reset" : "重置计划",
	"extracted_preplanning_reset_all" : "重置所有计划",
	"extracted_preplanning_delete" : "删除计划",
	"extracted_preplanning_save_tooltip_title" : "保存当前的计划:",
	"extracted_preplanning_save_tooltip_desc" : "保存当前的计划，下次使用时更轻松。",
	"extracted_preplanning_load_tooltip_title" : "载入已保存的计划:",
	"extracted_preplanning_load_tooltip_desc" : "打开已保存的计划菜单。",
	"extracted_preplanning_reset_tooltip_title" : "重置当前的计划:",
	"extracted_preplanning_reset_tooltip_desc" : "重置当前计划中您的所有花费以及点数。",
	"extracted_preplanning_reset_all_tooltip_title" : "重置完成的计划:",
	"extracted_preplanning_reset_all_tooltip_desc" : "重置当前计划中所有人的花费以及点数。",
	"extracted_preplanning_delete_tooltip_title" : "删除已保存的计划",
	"extracted_preplanning_delete_tooltip_desc" : "打开删除已保存的计划菜单。",
	"extracted_preplanning_manager_title" : "预计划管理器",
	"extracted_preplanning_error_no_saved_plans" : "没有找到已保存的计划。",
	"extracted_preplanning_error_max_plans_reached" : "计划达到最大数量。",
	"extracted_preplanning_votes_title" : "点数:",
	"extracted_preplanning_assets_title" : "花费:",
	"extracted_preplanning_dialog_save" : "要保存这套计划吗？",
	"extracted_preplanning_dialog_save_desc" : "$PLAN\n\n\n请为这套计划命名\n（使用已有名称将覆盖原计划）",
	"extracted_preplanning_dialog_delete" : "要删除这套计划吗？",
	"extracted_preplanning_dialog_delete_desc" : "您确定要删除 '$NAME' 这套计划吗？",
	"extracted_preplanning_msg_saved_success" : "这套计划已成功保存。",
	"extracted_preplanning_msg_saved_failed" : "保存这套计划时发生错误。",
	"extracted_preplanning_msg_no_save_slot" : "计划达到最大数量。",
	"extracted_preplanning_msg_no_current_plan" : "您没有计划可以修改。",
	"extracted_preplanning_msg_loaded_success" : "这套计划已成功加载。",
	"extracted_preplanning_msg_loaded_failed" : "加载这套计划时发生错误。",
	"extracted_preplanning_msg_loaded_partitially" : "只能载入部分计划: $ERRORMSG",
	"extracted_preplanning_msg_loaded_missing_skill" : "缺少技能",
	"extracted_preplanning_msg_loaded_missing_favours" : "没有足够的点数",
	"extracted_preplanning_msg_loaded_missing_money" : "没有足够的现金",
	"extracted_preplanning_msg_reseted_success" : "当前计划已重置。",
	"extracted_preplanning_msg_reseted_failed" : "重置当前计划时发生错误。",
	"extracted_preplanning_msg_deleted_success" : "这套计划已成功删除。",
	"extracted_preplanning_msg_deleted_failed" : "删除这套计划时发生错误。",
	"extracted_preplanning_msg_folder_creation_failed" : "无法创建文件夹: $FOLDER \n请确保游戏具有所需的权限或手动创建。",
	"extracted_preplanning_msg_file_creation_failed" : "文件创建失败: $FILE \n请确保游戏具有所需的权限或手动创建。",

	"no_confirm_title" : "禁用确认对话框",
	"no_confirm_desc" : "对某些操作禁用确认对话框",
	"crew_loadout_tab_desc" : "在大厅中显示技能，天赋和当前玩家延迟。 \n（如果您使用Lobby Player Info的功能，则为禁用）",
	"crew_loadout_desc" : "在大厅屏幕上添加一个按钮，可以显示你和你队友的装备.",
	"crew_loadout_briefing_desc" : "替换任务简报中的默认“队友装备”面板.",
	"profile_menu_title" : "更换配置文件菜单",
	"profile_menu_desc" : "用WolfHUD的配置文件菜单替换默认.",
	"stamina_title" : "显示耐力环",
	"stamina_desc" : "将耐力环显示在你的生命环内侧.",
	"headshot_mark_title" : "爆头射击确认圈",
	"headshot_mark_desc" : "当你执行爆头打击时，在命中标记周围添加一个圆圈",

	"crew_loadout_tab_title" : "Crew Loadout on Tabscreen",
	"crew_loadout_title" : "Crew Loadout in Lobby",
	"crew_loadout_briefing_title" : "Crew Loadout in Briefing",
	"carry_value_title" : "Show loot value",
	"carry_value_desc" : "Display the value of the loot being carried \n(Requires custom carry panel to be enabled).",
	"default_interact" : "Default Circle",
	"50bl_interact" : "50 blessings",
	"pink_interact" : "Pink Circle",
	"hm2_interact" : "Wrong Number",
	"waypoint_alpha_title" : "Waypoint Opacity",
	"waypoint_alpha_desc" : "Choose a value for how translucent the waypoint markers will be",
	"custom_tab_color_title" : "Custom tabstats colors",
	"custom_tab_color_desc" : "Colorize the tabstats menu",
	"stop_ai_title" : "Stop ai icon",
	"stop_ai_desc" : "Use a custom ai stop symbol",
	
	"HotlineMiamiHudOptionsButtonTitleID" : "Hotline Miami Hud Color Options",
	"HotlineMiamiHudColorOption" : "Change the color of this HUD element to your own liking",
	"HotlineMiamiHudAssaultTitleID" : "Assault Panel",
	"HotlineMiamiHudCustodyTitleID" : "Custody Panel",
	"HotlineMiamiHudObjectivesTitleID" : "Objectives Panel",
	"HotlineMiamiHudPresenterTitleID" : "Presenter Panel",
	"HotlineMiamiHudWaypointTitleID" : "Waypoints",
	"HotlineMiamiHudTeamTitleID" : "Team Panel",
	
    "HotlineMiamiHudTimerTitleID" : "Heist timer",
	"HotlineMiamiHudInteractionTitleID" : "Interaction text",
	"HotlineMiamiHudHintTitleID" : "Hint text",
	"HotlineMiamiHudSubTitleID" : "Subtitles text",

	"HotlineMiamiHudAssaultTextTitleID" : "Assault text",
	"HotlineMiamiHudCasingTextTitleID" : "Casing text",
	"HotlineMiamiHudCasingIconTitleID" : "Casing icon",
	"HotlineMiamiHudNoReturnTextTitleID" : "Point of no return text",
	"HotlineMiamiHudNoReturnIconTitleID" : "Point of no return icon",
	"HotlineMiamiHudNoReturnTimerTitleID" : "Point of no return timer",
	"HotlineMiamiHudHoldoutTextTitleID" : "Holdout text",
	"HotlineMiamiHudCaptainTextTitleID" : "Captain winters text",
	"HotlineMiamiHudCaptainBuffIconTitleID" : "Captain winters buff icon",
	"HotlineMiamiHudHostagesTextTitleID" : "Hostages text",
	"HotlineMiamiHudHostagesIconTitleID" : "Hostages Icon",
	"HotlineMiamiHudWavesIconTitleID" : "Waves icon",
	"HotlineMiamiHudWavesTextTitleID" : "Waves text",
	"HotlineMiamiHudECMUpgradeIconTitleID" : "ECM upgrade icon",
	"HotlineMiamiHudECMIconTitleID" : "ECm timer icon",
	"HotlineMiamiHudECMTextTitleID" : "ECM timer text",
	
	"HotlineMiamiHudCustodyReleasedTitleID" : "Custody released text",
	"HotlineMiamiHudCustodyTimerTitleID" : "Custody timer",
	"HotlineMiamiHudCivillansTitleID" : "Civillans killed text",
	"HotlineMiamiHudTradeTitleID" : "Trade text",
	
	"HotlineMiamiHudDownedTextTitleID" : "Downed text",
	"HotlineMiamiHudDownedTimerTitleID" : "Downed timer",
	
	"HotlineMiamiHudObjectiveTextTitleID" : "Objective text",
	"HotlineMiamiHudObjectiveIconTitleID" : "Objective icon",
	"HotlineMiamiHudObjectiveAmountTitleID" : "Objective loot amount",
	
	"HotlineMiamiHudPresenterTitleTitleID" : "Presenter title",
	"HotlineMiamiHudPresenterTextTitleID" : "Presenter text",
	
	"HotlineMiamiHudWaypointIconTitleID" : "Waypoint Icon",
	"HotlineMiamiHudWaypointDistTitleID" : "Waypoint distance",
	"HotlineMiamiHudWaypointArrowTitleID" : "Waypoint arrow",
	
	"HotlineMiamiHudGrenadeIconTitleID" : "Grenades icon",
	"HotlineMiamiHudGrenadeTextTitleID" : "Grenade amount",
	"HotlineMiamiHudCasingIconTitleID" : "Casing icon",
	"HotlineMiamiHudEquipmentIconTitleID" : "Equipment Icon",
	"HotlineMiamiHudEquipmentTextTitleID" : "Equipment Amount",
	"HotlineMiamiHudCabletiesIconTitleID" : "Cable ties Icon",
	"HotlineMiamiHudCabletiesTextTitleID" : "Cable ties text",
	"HotlineMiamiHudPrimFiremodeTitleID" : "Primary firemode",
	"HotlineMiamiHudSecFiremodeTitleID" : "Secondary firemode",
	"HotlineMiamiHudLowAmmoTitleID" : "Low ammo",
	"HotlineMiamiHudTotalAmmoTitleID" : "Total ammo",
	"HotlineMiamiHudClipAmmoTitleID" : "Current ammo",
	
	"HotlineMiamiHudPlayer1TitleID" : "Player 1",
	"HotlineMiamiHudPlayer2TitleID" : "Player 2",
	"HotlineMiamiHudPlayer3TitleID" : "Player 3",
	"HotlineMiamiHudPlayer4TitleID" : "Player 4",
	"HotlineMiamiHudPlayerAiTitleID" : "Bot",
	"HotlineMiamiHudSystemTitleID" : "System"
}