{
	"menu_id": "hmh_menu_options",
	"parent_menu": "hmh_menu",
	"title": "hmh_menu_options_title",
	"items": [
		{
			"type": "toggle",
			"id": "no_confirm",
			"title": "no_confirm_title",
			"description": "no_confirm_desc",
			"callback": "SetOption",
			"callback_arguments" : "no_confirm",
			"value": "no_confirm",
			"default_value": false
		},
		{
			"type": "divider",
			"size": 16
			
		},
		{
			"type": "button",
			"id": "hmh_main_menu",
			"title": "hmh_main_menu_options_title",
			"description": "hmh_main_menu_options_desc",
			"next_menu": "hmh_main_menu_options"
		},
		{
			"type": "divider",
			"size": 4
		},
		{
			"type": "button",
			"id": "hmh_inventory",
			"title": "hmh_inventory_options_title",
			"description": "hmh_inventory_options_desc",
			"next_menu": "hmh_inventory_options"
		},
		{
			"type": "divider",
			"size": 4
		},
		{
			"type": "button",
			"id": "hmh_enhanced_loadout",
			"title": "hmh_enhanced_loadout_options_title",
			"description": "hmh_enhanced_loadout_options_desc",
			"next_menu": "hmh_enhanced_loadout_options"
		},
		{
			"type": "divider",
			"size": 4
		},
		{
			"type": "button",
			"id": "hmh_skip_menus",
			"title": "hmh_skip_menu_options_title",
			"description": "hmh_skip_menu_options_desc",
			"next_menu": "hmh_skip_menus_options"
		}
	]
}