{
	"menu_id": "hmh_main_menu_options",
	"parent_menu": "hmh_menu_options",
	"title": "hmh_main_menu_options_title",
	"items": [
		{
			"type" : "multiple_choice",
			"id" : "custom_menu_background_multiple_choice",
			"title" : "custom_menu_background_title",
			"description" : "custom_menu_background_desc",
			"callback" : "SetOption",
			"callback_arguments" : "custom_menu_background",
			"items" : [
				"default_background",
				"custom_background"
			],
			"value" : "custom_menu_background",
			"default_value" : 1
		},
		{
			"type": "toggle",
			"id": "no_smoke",
			"title": "no_smoke_title",
			"description": "no_smoke_desc",
			"callback": "SetOption",
			"callback_arguments" : "no_smoke",
			"value": "no_smoke",
			"default_value": false
			
		},
		{
			"type" : "multiple_choice",
			"id" : "mouse_pointer_multiple_choice",
			"title" : "mouse_pointer_title",
			"description" : "mouse_pointer_desc",
			"callback" : "SetOption",
			"callback_arguments" : "mouse_pointer",
			"items" : [
				"default_mouse_pointer",
				"fingerless_gloves",
				"jacket",
				"pink_mouse_pointer"
			],
			"value" : "mouse_pointer",
			"default_value" : 2
		},
		{
			"type": "toggle",
			"id": "custom_filter",
			"title": "custom_filter_title",
			"description": "custom_filter_desc",
			"callback": "SetOption",
			"callback_arguments" : "custom_filter",
			"value": "custom_filter",
			"default_value": false
		},
		{
			"type": "divider",
			"size": 8
		},
		{
			"type": "toggle",
			"id": "menu_color_toggle",
			"title": "menu_color_title",
			"description": "menu_color_desc",
			"callback": "SetOption",
			"callback_arguments" : "custom_menu_color",
			"value": "custom_menu_color",
			"default_value": true
		}
	]
}