{
	"menu_id": "hmh_inspire_timer_menu",
	"parent_menu": "hmh_hud_options",
	"title": "hmh_inspire_timer_title",
	"h" : 500,
	"items": [
        {
			"type": "toggle",
			"id": "inspire_toggle",
			"title": "inspire_title",
			"description": "inspire_desc",
			"callback": "SetOption",
			"callback_arguments" : "inspire",
			"value": "inspire",
			"default_value": true,
			"is_parent" : true
		},
		{
			"type": "slider",
			"id": "inspire_timer_x_slider",
			"title": "inspire_timer_x_title",
			"description": "inspire_timer_x_desc",
			"callback": "SetOption",
			"callback_arguments" : "timer_x",
			"value": "timer_x",
			"max": 123,
            "min": 0,
            "step": 1,
            "default_value": 123,
			"parent" : "inspire_toggle"
		},
		{
			"type": "slider",
			"id": "inspire_timer_y_slider",
			"title": "inspire_timer_y_title",
			"description": "inspire_timer_y_desc",
			"callback": "SetOption",
			"callback_arguments" : "timer_y",
			"value": "timer_y",
			"max": 67,
            "min": 0,
            "step": 1,
            "default_value": 43,
			"parent" : "inspire_toggle"
		},
		{
			"type": "color_select",
			"id": "inspire_icon_color_select",
			"title": "HotlineMiamiHudInspireIconTitleID",
			"description": "HotlineMiamiHudColorOption",
			"value": "InspireIcon",
			"default_value": [255, 128, 223],
			"callback": "SetColorOption",
			"callback_arguments": "InspireIcon",
			"parent" : "inspire_toggle"
		},
		{
			"type": "color_select",
			"id": "inspire_timer_color_select",
			"title": "HotlineMiamiHudInspireTimerTitleID",
			"description": "HotlineMiamiHudColorOption",
			"value": "InspireTimer",
			"default_value": [102, 255, 255],
			"callback": "SetColorOption",
			"callback_arguments": "InspireTimer",
			"parent" : "inspire_toggle"
			
		}
	]
}