{
	"menu_id": "hmh_menu_waypoints",
	"parent_menu": "hmh_hud_options",
	"title": "hmh_waypoints_title",
	"h" : 500,
	"items": [
		{
			"type": "toggle",
			"id": "waypoints_toggle",
			"title": "waypoints_title",
			"description": "waypoints_desc",
			"callback": "SetOption",
			"callback_arguments" : "waypoints",
			"value": "waypoints",
			"default_value": true,
			"is_parent" : true
		},
		{
			"type": "slider",
			"id": "waypoint_alpha_slider",
			"title": "waypoint_alpha_title",
			"description": "waypoint_alpha_desc",
			"callback": "SetOption",
			"callback_arguments" : "waypoint_alpha",
			"value": "waypoint_alpha",
			"max": 1,
            "min": 0,
            "step": 1,
            "default_value": 1,
			"parent" : "waypoints_toggle"
		},
		{
			"type": "divider",
			"size": 8
		},
		{
			"type": "color_select",
			"id": "waypoint_icon_color_select",
			"title": "HotlineMiamiHudWaypointIconTitleID",
			"description": "HotlineMiamiHudColorOption",
			"value": "WaypointIcon",
			"default_value": [102, 255, 153],
			"callback": "SetColorOption",
			"callback_arguments": "WaypointIcon",
			"parent" : "waypoints_toggle"
		},
		{
			"type": "color_select",
			"id": "waypoint_icon_color_select",
			"title": "HotlineMiamiHudWaypointDistTitleID",
			"description": "HotlineMiamiHudColorOption",
			"value": "WaypointDistance",
			"default_value": [102, 255, 255],
			"callback": "SetColorOption",
			"callback_arguments": "WaypointDistance",
			"parent" : "waypoints_toggle"
		},
		{
			"type": "color_select",
			"id": "waypoint_icon_color_select",
			"title": "HotlineMiamiHudWaypointArrowTitleID",
			"description": "HotlineMiamiHudColorOption",
			"value": "WaypointArrow",
			"default_value": [102, 255, 255],
			"callback": "SetColorOption",
			"callback_arguments": "WaypointArrow",
			"parent" : "waypoints_toggle"
		},
		{
			"type": "divider",
			"size": 16
		},
		{
			"type": "toggle",
			"id": "greenciv_toggle",
			"title": "greenciv_title",
			"description": "greenciv_desc",
			"callback": "SetOption",
			"callback_arguments" : "greenciv",
			"value": "greenciv",
			"default_value": true
		}
	]
}