{
	"menu_id": "hmh_menu_interact",
	"parent_menu": "hmh_hud_options",
	"title": "hmh_interact_title",
	"items": [
		{
			"type": "multiple_choice",
			"id": "interact_texture_multiple_choice",
			"title": "interact_texture_title",
			"description": "interact_texture_desc",
			"callback": "SetOption",
			"callback_arguments": "interact_texture",
			"value": "interact_texture",
			"items" : [
				"default_interact",
				"50bl_interact",
				"pink_interact",
				"hm2_interact",
				"heart_interact"
			],
			"default_value": 3
		},
		{
			"type": "toggle",
			"id": "interact_toggle",
			"title": "interact_title",
			"description": "interact_desc",
			"callback": "SetOption",
			"callback_arguments": "interact",
			"value": "interact",
			"default_value": true,
			"is_parent" : true
		},
		{
			"type" : "divider",
			"size" : 8
		},
		{
		    "type": "slider",
			"id": "interact_text_slider",
			"title": "interact_text_title",
			"description": "interact_text_desc",
			"callback": "SetOption",
			"callback_arguments" : "InteractAlpha",
			"parent" : "interact_toggle",
			"value": "InteractAlpha",
			"max": 1,
            "min": 0,
            "step": 1,
            "default_value": 1
		},
		{
			"type": "color_select",
			"id": "interaction_color_select",
			"title": "HotlineMiamiHudInteractionTitleID",
			"description": "HotlineMiamiHudColorOption",
			"value": "Interaction",
			"default_value": [255, 204, 102],
			"callback": "SetColorOption",
			"callback_arguments": "Interaction",
			"parent" : "interact_toggle"
		},
		{
			"type": "divider",
			"size": 8
		},
		{
			"type": "toggle",
			"id": "interact_icons_toggle",
			"title": "interact_icons_title",
			"description": "interact_icons_desc",
			"callback": "SetOption",
			"callback_arguments": "interact_icons",
			"value": "interact_icons",
			"default_value": true
		}
	]
}