{
	"menu_id": "hmh_hud_options",
	"parent_menu": "hmh_menu",
	"title": "hmh_hud_options_title",
	"items": [
		{
		    "type": "slider",
			"id": "hud_scale_slider",
			"title": "hud_scale_title",
			"description": "hud_scale_desc",
			"callback": "SetOption",
			"callback_arguments" : "hud_scale",
			"value": "hud_scale",
			"max": 1,
            "min": 0.5,
            "step": 2,
            "default_value": 1
		},
		{
			"type": "divider",
			"size": 8
		},
		{
			"type": "button",
			"id": "hmh_combo_options",
			"title": "hmh_combo_options_title",
			"description": "hmh_combo_options_desc",
			"next_menu": "hmh_combo_options"
		},
        {
			"type": "button",
			"id": "hmh_joining_player_options",
			"title": "hmh_joining_player_options_title",
			"description": "hmh_joining_player_options_desc",
			"next_menu": "hmh_joining_player_options"
		},
        {
			"type": "button",
			"id": "hmh_ecm_timer",
			"title": "hmh_ecm_timer_title",
			"description": "hmh_ecm_timer_desc",
			"next_menu": "hmh_ecm_timer_menu"
		},
		{
			"type": "divider",
			"size": 8
		},
		{
			"type" : "multiple_choice",
			"id" : "headshot_mark_multiple_choice",
			"title" : "headshot_mark_title",
			"description" : "headshot_mark_desc",
			"callback" : "SetOption",
			"callback_arguments" : "headshot_texture",
			"items" : [
				"disabled_icon",
				"circle_icon",
				"50blessings",
				"interaction"
			],
			"value" : "headshot_texture",
			"default_value" : 2
		},
        {
			"type": "divider",
			"size": 4
		},
        {
			"type": "toggle",
			"id": "pink_corner_toggle",
			"title": "pink_corner_title",
			"description": "pink_corner_desc",
			"callback": "SetOption",
			"callback_arguments": "pink_corner",
			"value": "pink_corner",
			"default_value": true
	    },
        {
			"type": "divider",
			"size": 16
		},
		{
			"type": "button",
			"id": "hmh_hud",
			"title": "hmh_hud_title",
			"description": "hmh_hud_desc",
			"next_menu": "hmh_hud_menu"
		},
		{
			"type": "button",
			"id": "hmh_interact",
			"title": "hmh_interact_title",
			"description": "hmh_interact_desc",
			"next_menu": "hmh_menu_interact"
		},
		{
			"type": "button",
			"id": "hmh_assault",
			"title": "hmh_assault_title",
			"description": "hmh_assault_desc",
			"next_menu": "hmh_menu_assault"
		},
		{
			"type": "button",
			"id": "hmh_tab",
			"title": "hmh_tab_title",
			"description": "hmh_tab_desc",
			"next_menu": "hmh_tab"
		},
		{
			"type": "button",
			"id": "hmh_hint",
			"title": "hmh_hint_title",
			"description": "hmh_hint_desc",
			"next_menu": "hmh_menu_hint"
		},
		{
			"type": "button",
			"id": "hmh_waypoints",
			"title": "hmh_waypoints_title",
			"description": "hmh_waypoints_desc",
			"next_menu": "hmh_menu_waypoints"
		},
		{
			"type": "button",
			"id": "hmh_custom_chat",
			"title": "hmh_custom_chat_title",
			"description": "hmh_custom_chat_desc",
			"next_menu": "hmh_menu_custom_chat"
		},
		{
			"type": "button",
			"id": "hmh_timer",
			"title": "hmh_timer_title",
			"description": "hmh_timer_desc",
			"next_menu": "hmh_menu_timer"
		},
		{
			"type": "button",
			"id": "hmh_presenter",
			"title": "hmh_presenter_title",
			"description": "hmh_presenter_desc",
			"next_menu": "hmh_menu_presenter"
		},
		{
			"type": "button",
			"id": "hmh_suspicion",
			"title": "hmh_suspicion_title",
			"description": "hmh_suspicion_desc",
			"next_menu": "hmh_suspicion"
		},
		{
			"type": "button",
			"id": "hmh_carry_title",
			"title": "hmh_carry_title",
			"description": "hmh_carry_desc",
			"next_menu": "hmh_menu_carry"
		},
		{
			"type": "button",
			"id": "hmh_objective_title",
			"title": "hmh_objective_title",
			"description": "hmh_objective_desc",
			"next_menu": "hmh_menu_objective"
		},
		{
			"type": "button",
			"id": "hmh_subs",
			"title": "hmh_subs_title",
			"description": "hmh_subs_desc",
			"next_menu": "hmh_menu_subs"
		}
	]
}