{
	"menu_id": "hmh_menu_custom_chat",
	"parent_menu": "hmh_hud_options",
	"title": "hmh_custom_chat_title",
	"items": [
		{
			"type": "toggle",
			"id": "custom_chat_toggle",
			"title": "custom_chat_title",
			"description": "custom_chat_desc",
			"callback": "SetOption",
			"callback_arguments" : "custom_chat",
			"value": "custom_chat",
			"default_value": true,
			"is_parent" : true
		},
		{
			"type": "slider",
			"id": "chat_font_slider",
			"title": "chat_font_title",
			"description": "chat_font_desc",
			"callback": "SetOption",
			"callback_arguments" : "chat_font",
			"value": "chat_font",
			"max": 40,
            "min": 10,
            "step": 1,
            "default_value": 20,
			"parent" : "custom_chat_toggle"
		}
	]
}