{
	"menu_id": "hmh_menu_hint",
	"parent_menu": "hmh_hud_options",
	"h" : 500,
	"title": "hmh_hint_title",
	"items": [
		{
			"type": "toggle",
			"id": "hint_toggle",
			"title": "hint_title",
			"description": "hint_desc",
			"callback": "SetOption",
			"callback_arguments" : "hint",
			"value": "hint",
			"default_value": true,
			"is_parent" : true
		},
		{
			"type" : "divider",
			"size" : 8
		},
		{
		    "type": "slider",
			"id": "hint_text_slider",
			"title": "hint_text_title",
			"description": "hint_text_desc",
			"callback": "SetOption",
			"callback_arguments" : "HintAlpha",
			"parent" : "hint_toggle",
			"value": "HintAlpha",
			"max": 1,
            "min": 0,
            "step": 1,
            "default_value": 1
		},
		{
			"type": "color_select",
			"id": "hint_color_select",
			"title": "HotlineMiamiHudHintTitleID",
			"description": "HotlineMiamiHudColorOption",
			"value": "HintColor",
			"default_value": [255, 204, 102],
			"callback": "SetColorOption",
			"callback_arguments": "HintColor",
			"parent" : "hint_toggle"
		},
		{
			"type" : "divider",
			"size" : 8
		},
		{
			"type": "toggle",
			"id": "inspire_toggle",
			"title": "inspire_title",
			"description": "inspire_desc",
			"callback": "SetOption",
			"callback_arguments" : "inspire",
			"value": "inspire",
			"default_value": true
		}
	]
}