{
	"menu_id": "hmh_menu_carry",
	"parent_menu_id": "hmh_menu",
	"title": "hmh_carry_title",
	"description": "hmh_carry_desc",
	"items": [
		{
			"type": "toggle",
			"id": "carry_toggle",
			"title": "carry_title",
			"description": "carry_desc",
			"callback": "callback_carry",
			"value": "carry",
			"default_value": true
		},
		{
			"type": "divider",
			"size": 4
		},
		{
			"type": "toggle",
			"id": "carry_value_toggle",
			"title": "carry_value_title",
			"description": "carry_value_desc",
			"callback": "callback_carry_value",
			"value": "carry_value",
			"default_value": true
		}
	]
}