{
	"menu_id": "hmh_menu_carry",
	"parent_menu": "hmh_menu",
	"title": "hmh_carry_title",
	"items": [
		{
			"type": "toggle",
			"id": "carry_toggle",
			"title": "carry_title",
			"description": "carry_desc",
			"callback": "SetOption",
			"callback_arguments" : "carry",
			"value": "carry",
			"default_value": true,
			"is_parent" : true
		},
		{
			"type": "divider",
			"size": 4
		},
		{
			"type": "toggle",
			"id": "carry_value_toggle",
			"title": "carry_value_title",
			"description": "carry_value_desc",
			"callback": "SetOption",
			"callback_arguments" : "carry_value",
			"value": "carry_value",
			"default_value": true,
			"parent" : ["carry_toggle"]
		}
	]
}