{
	"menu_id": "hmh_menu_carry",
	"parent_menu": "hmh_menu",
	"title": "hmh_carry_title",
	"items": [
		{
			"type": "toggle",
			"id": "carry_toggle",
			"title": "carry_title",
			"description": "carry_desc",
			"callback": "SetOption",
			"callback_arguments" : "carry",
			"value": "carry",
			"default_value": true,
			"is_parent" : true
		},
		{
			"type": "divider",
			"size": 4
		},
		{
			"type": "toggle",
			"id": "colored_carry_text_toggle",
			"title": "colored_carry_text_title",
			"description": "colored_carry_text_desc",
			"callback": "SetOption",
			"callback_arguments" : "colored_carry_text",
			"value": "colored_carry_text",
			"default_value": true,
			"parent" : ["carry_toggle"]
		},
		{
			"type": "toggle",
			"id": "animate_text_toggle",
			"title": "animate_text_title",
			"description": "animate_text_desc",
			"callback": "SetOption",
			"callback_arguments" : "animate_text",
			"value": "animate_text",
			"default_value": true,
			"parent" : ["carry_toggle"]
		},
		{
			"type": "toggle",
			"id": "carry_value_toggle",
			"title": "carry_value_title",
			"description": "carry_value_desc",
			"callback": "SetOption",
			"callback_arguments" : "carry_value",
			"value": "carry_value",
			"default_value": true,
			"parent" : ["carry_toggle"]
		},
		{
		    "type": "slider",
			"id": "carry_text_slider",
			"title": "carry_text_title",
			"description": "carry_text_desc",
			"callback": "SetOption",
			"callback_arguments" : "CarryAlpha",
			"parent" : "carry_toggle",
			"value": "CarryAlpha",
			"max": 1,
            "min": 0,
            "step": 1,
            "default_value": 1
		}
	]
}