{
	"menu_id": "hmh_menu_color",
	"parent_menu_id": "hmh_menu",
	"title": "hmh_color_title",
	"description": "hmh_color_desc",
	"items": [
		{
			"type": "toggle",
			"id": "color_toggle",
			"title": "color_title",
			"description": "color_desc",
			"callback": "callback_custom_color",
			"value": "custom_color",
			"default_value": true
		},
		{
			"type": "toggle",
			"id": "menu_color_toggle",
			"title": "menu_color_title",
			"description": "menu_color_desc",
			"callback": "callback_custom_menu_color",
			"value": "custom_menu_color",
			"default_value": true
		}
	]
}