{
    "hud_scale" : 1,
	"no_menu_textures" : false,
    "mod_overrides" : true, 
    "infoboxes" : true,
	"mouse_pointer" : 1,
    "inspire": true, 
    "greenciv": true, 
	"assault_text" : 1, 
	"info_box_alpha" : 1, 
	"objective_text" : 1, 
	"TimerAlpha" : 1, 
	"HintAlpha" : 1, 
	"InteractAlpha" : 1,
	"inventory_amount" : true,
	"hostage_panel" : false,
	"wave_panel" : false,
	"show_rank" : true,
	"presentAlpha" : 1, 
	"CarryAlpha" : 1, 
	"SubAlpha" : 1, 
	"DownedAlpha" : 1,
	"panel_position" : 40,
	"combo_kill_anim" : false, 
	"combo_kill_flash" : false, 
	"CustodyAlpha" : 1, 
	"waypoints" : false, 
	"no_smoke" : false, 
	"preset" : 1,
	"hide_hudbox" : false, 
	"captain_buff" : false,
	"captain_buff_color" :
	{
		"r" : 255,
		"g" : 204,
		"b" : 102
	},
	"pink_corner" : false, 
	"WaypointIcon" : 
	{
		"r" : 255,
		"g" : 255,
		"b" : 255
	},
	"WaypointDistance" : 
	{
		"r" : 255,
		"g" : 255,
		"b" : 255
	},
	"WaypointArrow" : 
	{
		"r" : 255,
		"g" : 255,
		"b" : 255
	},
	"timer" : false, 
	"TimerColor" : 
	{
		"r" : 255,
		"g" : 255,
		"b" : 255
	},
	"presenter" : false, 
	"PresenterTitle" : 
	{
		"r" : 255,
		"g" : 255,
		"b" : 255
	},
	"PresenterText" : 
	{
		"r" : 255,
		"g" : 255,
		"b" : 255
	},
	"interact" : false, 
	"Interaction" : 
	{
		"r" : 255,
		"g" : 255,
		"b" : 255
	},
	"hint" : false, 
	"HintColor" : 
	{
		"r" : 255,
		"g" : 255,
		"b" : 255
	},
	"downed" : false, 
	"DownedText" : 
	{
		"r" : 255,
		"g" : 255,
		"b" : 255
	},
	"DownedTimer" : 
	{
		"r" : 255,
		"g" : 255,
		"b" : 255
	},
	"custody" : false, 
	"CustodyReleased" : 
	{
		"r" : 255,
		"g" : 255,
		"b" : 255
	},
	"CustodyTimer" : 
	{
		"r" : 255,
		"g" : 255,
		"b" : 255
	},
	"Civilans_color" : 
	{
		"r" : 255,
		"g" : 255,
		"b" : 255
	},
	"Trade" : 
	{
		"r" : 255,
		"g" : 255,
		"b" : 255
	},
	"carry" : false, 
	"ammo" : true, 
	"PrimFiremode" : 
	{
		"r" : 255,
		"g" : 255,
		"b" : 255
	},
	"SecFiremode" : 
	{
		"r" : 255,
		"g" : 255,
		"b" : 255
	},
	"LowAmmo" :
	{
		"r" : 255,
		"g" : 204,
		"b" : 102
	},
	"TotalAmmo" : 
	{
		"r" : 255,
		"g" : 255,
		"b" : 255
	},
	"ClipAmmo" : 
	{
		"r" : 255,
		"g" : 255,
		"b" : 255
	},
	"color_condition" : false, 
	"interact_info" : true, 
	"color_bag" : false, 
	"pickups" : false, 
	"equipment" : true, 
	"EquipmentIcon" : 
	{
		"r" : 255,
		"g" : 255,
		"b" : 255
	},
	"EquipmentText" : 
	{
		"r" : 255,
		"g" : 255,
		"b" : 255
	},
	"GrenadeIcon" : 
	{
		"r" : 255,
		"g" : 255,
		"b" : 255
	},
	"GrenadeText" : 
	{
		"r" : 255,
		"g" : 255,
		"b" : 255
	},
	"CabletiesIcon" : 
	{
		"r" : 255,
		"g" : 255,
		"b" : 255
	},
	"CabletiesText" : 
	{
		"r" : 255,
		"g" : 255,
		"b" : 255
	},
	"trueammo" : false, 
	"assault" : false, 
	"AssaultText" :
	{
		"r" : 255,
		"g" : 204,
		"b" : 102
	},
	"NoReturnText" :
	{
		"r" : 255,
		"g" : 102,
		"b" : 102
	},
	"NoReturnIcon" :
	{
		"r" : 255,
		"g" : 102,
		"b" : 102
	},
	"NoReturnTimer" :
	{
		"r" : 255,
		"g" : 102,
		"b" : 102
	},
	"HoldoutText" :
	{
		"r" : 255,
		"g" : 102,
		"b" : 102
	},
	"CaptainText" :
	{
		"r" : 255,
		"g" : 102,
		"b" : 102
	},
	"CaptainBuffIcon" :
	{
		"r" : 255,
		"g" : 204,
		"b" : 102
	},
	"HostagesText" : 
	{
		"r" : 255,
		"g" : 255,
		"b" : 255
	},
	"HostagesIcon" : 
	{
		"r" : 255,
		"g" : 255,
		"b" : 255
	},
	"WavesText" : 
	{
		"r" : 255,
		"g" : 255,
		"b" : 255
	},
	"WavesIcon" : 
	{
		"r" : 255,
		"g" : 255,
		"b" : 255
	},
	"objective" : false, 
	"ObjectiveText" : 
	{
		"r" : 255,
		"g" : 255,
		"b" : 255
	},
	"ObjectiveIcon" : 
	{
		"r" : 255,
		"g" : 255,
		"b" : 255
	},
	"ObjectiveAmount" : 
	{
		"r" : 255,
		"g" : 255,
		"b" : 255
	},
	"bulletstorm" : true, 
	"health_texture" : 1, 
	"interact_texture" : 1, 
	"custom_subs" : true, 
	"Sub" : 
	{
		"r" : 255,
		"g" : 255,
		"b" : 255
	},
	"custom_color" : false, 
	"Player1" : 
	{
		"r" : 102,
		"g" : 255,
		"b" : 153
	},
	"Player2" : 
	{
		"r" : 102,
		"g" : 255,
		"b" : 255
	},
	"Player3" : 
	{
		"r" : 255,
		"g" : 102,
		"b" : 102
	},
	"Player4" : 
	{
		"r" : 255,
		"g" : 204,
		"b" : 102
	},
	"PlayerAi" : 
	{
		"r" : 51,
		"g" : 204,
		"b" : 255
	},
	"System" : 
	{
		"r" : 255,
		"g" : 128,
		"b" : 223
	},
	"custom_menu_color" : false, 
	"custom_chat" : true, 
	"screen_effect" : true, 
	"toggle_interact" : 4.5, 
	"interupt_interact" : true, 
	"skip_blackscreen" : true, 
	"skip_xp" : 5, 
	"skip_card" : 3, 
	"pick_card" : true, 
	"suspicion" : false, 
	"combo" : false, 
	"font" : false, 
	"pager_jam" : true,
	"pocket_ecm" : true,
	"ECMText" : 
	{
		"r" : 255,
		"g" : 255,
		"b" : 255
	},
	"ecm_low" :
	{
		"r" : 255,
		"g" : 102,
		"b" : 102
	},
	"ecm_mid" :
	{
		"r" : 255,
		"g" : 204,
		"b" : 102
	},
	"ECMIcon" : 
	{
		"r" : 255,
		"g" : 255,
		"b" : 255
	},
	"interact_icons" : false, 
	"stealth_c4" : true, 
	"tab" : true, 
	"enemy_count" : false, 
	"custom_filter" : false, 
	"voice" : true, 
	"ping" : false, 
	"interupt_interact_hint" : true, 
	"custom_menu_background" : 1, 
	"stamina" : false, 
	"colored_downs" : false, 
	"no_confirm" : true, 
	"crew_loadout" : true, 
	"crew_loadout_briefing" : true, 
	"crew_loadout_tab" : true, 
	"profile_menu" : true, 
	"carry_value" : false, 
	"headshot_texture" : 2, 
	"waypoint_alpha" : 1, 
	"custom_tab_color" : false, 
	"stop_ai" : false, 
	"casing" : true, 
	"CasingText" : 
	{
		"r" : 255,
		"g" : 255,
		"b" : 255
	},
	"CasingIcon" : 
	{
		"r" : 255,
		"g" : 255,
		"b" : 255
	},
	"chat_font" : 20, 
	"animate_text" : false,
	"colored_carry_text" : false, 
	"Ability_icon_color" : 
	{
		"r" : 255,
		"g" : 255,
		"b" : 255
	},
	"armorer_cooldown_timer_color" :
	{
		"r" : 255,
		"g" : 102,
		"b" : 102
	},
	"armorer_duration_timer_color" :
	{
		"r" : 102,
		"g" : 255,
		"b" : 153
	},
	"armorer_cooldown_timer" : true, 
	"armorer_cooldown_radial" : true, 
	"ability_icon" : true, 
	"promt" : false, 
	"silent_obj" : false 
}