{
    "hud_scale": 1,
    "mod_overrides" : false,
    "infoboxes" : true,
    "inspire": true,
    "greenciv": true,
    "PLAYER_down": false,
    "TEAM_down": true,
	"waypoints" : true,
	"timer" : true,
	"presenter" : true,
	"interact" : true,
	"hint" : true,
	"downed" : true,
	"custody" : true,
	"carry" : true,
	"ammo" : true,
	"color_name" : true,
	"interact_info" : true,
	"color_bag" : true,
	"pickups" : true,
	"equipment" : true,
	"trueammo" : false,
	"assault" : true,
	"objective" : true,
	"bulletstorm" : true
}