{
    "hud_scale": 1,
    "mod_overrides" : true,
    "infoboxes" : true,
    "inspire": true,
    "greenciv": true,
    "PLAYER_down": false,
    "TEAM_down": true,
	"waypoints" : true,
	"timer" : true,
	"presenter" : true,
	"interact" : true,
	"hint" : true,
	"downed" : true,
	"custody" : true,
	"carry" : true,
	"ammo" : true,
	"color_name" : true,
	"color_condition" : true,
	"interact_info" : true,
	"color_bag" : true,
	"pickups" : true,
	"equipment" : true,
	"trueammo" : false,
	"assault" : true,
	"objective" : true,
	"bulletstorm" : true,
	"health_texture" : true,
	"interact_texture" : 2,
	"custom_subs" : true,
	"custom_color" : true,
	"custom_menu_color" : true,
	"custom_chat" : true,
	"screen_effect" : false,
	"toggle_interact" : 0,
	"interupt_interact" : false,
	"skip_blackscreen" : false,
	"skip_xp" : 0,
	"skip_card" : 0,
	"pick_card" : false,
	"suspicion" : true,
	"combo" : false,
	"font" : false,
	"pager_jam" : true,
	"interact_icons" : true,
	"stealth_c4" : false,
	"tab" : true,
	"enemy_count" : false,
	"custom_filter" : false,
	"voice" : true,
	"ping" : false,
	"interupt_interact_hint" : false,
	"custom_menu_background" : 1,
	"stamina" : false,
	"colored_downs" : true,
	"no_confirm" : false,
	"crew_loadout" : true,
	"crew_loadout_briefing" : true,
	"crew_loadout_tab" : true,
	"profile_menu" : true,
	"carry_value" : false,
	"headshot_mark" : true
}