{
    "hud_scale": 1,
    "mod_overrides" : true,
    "infoboxes" : true,
    "inspire": true,
    "greenciv": true,
    "PLAYER_down": false,
    "TEAM_down": true,
	"waypoints" : true,
	"timer" : true,
	"presenter" : true,
	"interact" : true,
	"hint" : true,
	"downed" : true,
	"custody" : true,
	"carry" : true,
	"ammo" : true,
	"color_name" : true,
	"interact_info" : true,
	"color_bag" : true,
	"pickups" : true,
	"equipment" : true,
	"trueammo" : false,
	"assault" : true,
	"objective" : true,
	"bulletstorm" : true,
	"health_texture" : true,
	"interact_texture" : true,
	"custom_subs" : true,
	"custom_color" : true,
	"custom_menu_color" : true,
	"custom_chat" : true,
	"screen_effect" : false,
	"toggle_interact" : 0,
	"interupt_interact" : false,
	"skip_blackscreen" : false,
	"skip_xp" : 0,
	"skip_card" : 0,
	"pick_card" : false,
	"suspicion" : true,
	"combo" : false,
	"font" : false,
	"pager_jam" : true,
	"interact_icons" : true,
	"stealth_c4" : false,
	"pager_outline" : false,
	"tab" : true,
	"enemy_count" : false,
	"custom_filter" : true
}