{
	"menu_id": "hmh_menu_hint",
	"parent_menu_id": "hmh_menu",
	"title": "hmh_hint_title",
	"description": "hmh_hint_desc",
	"items": [
		{
			"type": "toggle",
			"id": "hint_toggle",
			"title": "hint_title",
			"description": "hint_desc",
			"callback": "callback_hint",
			"value": "hint",
			"default_value": true
		},
		{
			"type": "divider",
			"size": 16
		},
		{
			"type": "toggle",
			"id": "inspire_toggle",
			"title": "inspire_title",
			"description": "inspire_desc",
			"callback": "callback_inspire",
			"value": "inspire",
			"default_value": true
		}
	]
}