{
	"menu_id": "hmh_menu_hud",
	"parent_menu_id": "hmh_menu",
	"title": "hmh_hud_title",
	"description": "hmh_hud_desc",
	"items": [
		{
			"type": "toggle",
			"id": "health_texture_toggle",
			"title": "health_texture_title",
			"description": "health_texture_desc",
			"callback": "callback_health_texture",
			"value": "health_texture",
			"default_value": true
		},
		{
			"type": "toggle",
			"id": "color_toggle",
			"title": "color_title",
			"description": "color_desc",
			"callback": "callback_custom_color",
			"value": "custom_color",
			"default_value": true
		},
		{
			"type": "divider",
			"size": 16
		},
		{
			"type": "toggle",
			"id": "PLAYER_down_toggle",
			"title": "PLAYER_down_title",
			"description": "PLAYER_down_desc",
			"callback": "callback_PLAYER_down",
			"value": "PLAYER_down",
			"default_value": false
		},
		{
			"type": "toggle",
			"id": "TEAM_down_toggle",
			"title": "TEAM_down_title",
			"description": "TEAM_down_desc",
			"callback": "callback_TEAM_down",
			"value": "TEAM_down",
			"default_value": true
		},
		{
			"type": "divider",
			"size": 16
		},
		{
			"type": "toggle",
			"id": "trueammo_toggle",
			"title": "trueammo_title",
			"description": "trueammo_desc",
			"callback": "callback_trueammo",
			"value": "trueammo",
			"default_value": false
		},
		{
			"type": "toggle",
			"id": "bulletstorm_toggle",
			"title": "bulletstorm_title",
			"description": "bulletstorm_desc",
			"callback": "callback_bulletstorm",
			"value": "bulletstorm",
			"default_value": true
		},
		{
			"type": "toggle",
			"id": "screen_effect_toggle",
			"title": "screen_effect_title",
			"description": "screen_effect_desc",
			"callback": "callback_screen_effect",
			"value": "screen_effect",
			"default_value": false			
		},
		{
			"type": "divider",
			"size": 16
		},
		{
			"type": "toggle",
			"id": "color_name_toggle",
			"title": "color_name_title",
			"description": "color_name_desc",
			"callback": "callback_color_name",
			"value": "color_name",
			"default_value": true
		},
		{
			"type": "toggle",
			"id": "interact_info_toggle",
			"title": "interact_info_title",
			"description": "interact_info_desc",
			"callback": "callback_interact_info",
			"value": "interact_info",
			"default_value": true
		},
		{
			"type": "toggle",
			"id": "color_bag_toggle",
			"title": "color_bag_title",
			"description": "color_bag_desc",
			"callback": "callback_color_bag",
			"value": "color_bag",
			"default_value": true
		},
		{
			"type": "toggle",
			"id": "pickups_toggle",
			"title": "pickups_title",
			"description": "pickups_desc",
			"callback": "callback_pickups",
			"value": "pickups",
			"default_value": true
		},
		{
			"type": "toggle",
			"id": "equipment_toggle",
			"title": "equipment_title",
			"description": "equipment_desc",
			"callback": "callback_equipment",
			"value": "equipment",
			"default_value": true
		},
		{
			"type": "toggle",
			"id": "ammo_toggle",
			"title": "ammo_title",
			"description": "ammo_desc",
			"callback": "callback_ammo",
			"value": "ammo",
			"default_value": true
		}
	]
}