{
	"menu_id": "hmh_menu_interact",
	"parent_menu_id": "hmh_menu",
	"title": "hmh_interact_title",
	"description": "hmh_interact_desc",
	"items": [
		{
			"type": "multiple_choice",
			"id": "interact_texture_multiple_choice",
			"title": "interact_texture_title",
			"description": "interact_texture_desc",
			"callback": "callback_interact_texture",
			"value": "interact_texture",
			"items" : [
				"default_interact",
				"50bl_interact",
				"pink_interact",
				"hm2_interact"
			],
			"default_value": true
		},
		{
			"type": "toggle",
			"id": "interact_toggle",
			"title": "interact_title",
			"description": "interact_desc",
			"callback": "callback_interact",
			"value": "interact",
			"default_value": true
		},
		{
			"type": "divider",
			"size": 16
		},
		{
			"type": "slider",
			"id": "toggle_interact_slider",
			"title": "toggle_interact_title",
			"description": "toggle_interact_desc",
			"callback": "callback_toggle_interact",
			"value": "toggle_interact",
			"max": 10,
            "min": 0,
            "step": 0.5,
            "default_value": 0
		},
		{
			"type": "toggle",
			"id": "interupt_interact_toggle",
			"title": "interupt_interact_title",
			"description": "interupt_interact_desc",
			"callback": "callback_interupt_interact",
			"value": "interupt_interact",
			"default_value": false
		},
		{
			"type": "toggle",
			"id": "interupt_interact_hint_toggle",
			"title": "interupt_interact_hint_title",
			"description": "interupt_interact_hint_desc",
			"callback": "callback_interupt_interact_hint",
			"value": "interupt_interact_hint",
			"default_value": false
		},
		{
			"type": "divider",
			"size": 8
		},
		{
			"type": "toggle",
			"id": "stealth_c4_toggle",
			"title": "stealth_c4_title",
			"description": "stealth_c4_desc",
			"callback": "callback_stealth_c4",
			"value": "stealth_c4",
			"default_value": false
		},
		{
			"type": "divider",
			"size": 16
		},
		{
			"type": "toggle",
			"id": "interact_icons_toggle",
			"title": "interact_icons_title",
			"description": "interact_icons_desc",
			"callback": "callback_interact_icons",
			"value": "interact_icons",
			"default_value": true
		}
	]
}