{
	"menu_id": "hmh_menu_options",
	"parent_menu_id": "hmh_menu",
	"title": "hmh_menu_options_title",
	"description": "hmh_menu_options_desc",
	"items": [
		{
			"type": "toggle",
			"id": "menu_color_toggle",
			"title": "menu_color_title",
			"description": "menu_color_desc",
			"callback": "callback_custom_menu_color",
			"value": "custom_menu_color",
			"default_value": true
		},
		{
			"type": "divider",
			"size": 16
		},
		{
			"type": "toggle",
			"id": "tab_toggle",
			"title": "tab_title",
			"description": "tab_desc",
			"callback": "callback_tab",
			"value": "tab",
			"default_value": true
		},
		{
			"type": "divider",
			"size": 16
		},
		{
			"type": "toggle",
			"id": "skip_blackscreen_toggle",
			"title": "skip_blackscreen_title",
			"description": "skip_blackscreen_desc",
			"callback": "callback_skip_blackscreen",
			"value": "skip_blackscreen",
			"default_value": false
		},
		{
		    "type": "slider",
			"id": "skip_xp_slider",
			"title": "skip_xp_title",
			"description": "skip_xp_desc",
			"callback": "callback_skip_xp",
			"value": "skip_xp",
			"max": 25,
            "min": 0,
            "step": 1,
            "default_value": 0
		},
		{
			"type": "divider",
			"size": 12
		},
		{
			"type": "toggle",
			"id": "pick_card_toggle",
			"title": "pick_card_title",
			"description": "pick_card_desc",
			"callback": "callback_pick_card",
			"value": "pick_card",
			"default_value": false
		},
		{
		    "type": "slider",
			"id": "skip_card_slider",
			"title": "skip_card_title",
			"description": "skip_card_desc",
			"callback": "callback_skip_card",
			"value": "skip_card",
			"max": 25,
            "min": 0,
            "step": 1,
            "default_value": 0
		}
	]
}