{
	"menu_id": "hmh_menu_objective",
	"parent_menu_id": "hmh_menu",
	"title": "hmh_objective_title",
	"description": "hmh_objective_desc",
	"items": [
		{
			"type": "toggle",
			"id": "objective_toggle",
			"title": "objective_title",
			"description": "objective_desc",
			"callback": "callback_objective",
			"value": "objective",
			"default_value": true
		},
		{
			"type": "divider",
			"size": 16
		},
		{
			"type": "toggle",
			"id": "combo_toggle",
			"title": "combo_title",
			"description": "combo_desc",
			"callback": "callback_combo",
			"value": "combo",
			"default_value": false
		}
	]
}