{
	"menu_id": "hmh_menu_subs",
	"parent_menu": "hmh_menu",
	"h" : 500,
	"title": "hmh_subs_title",
	"items": [
		{
			"type": "toggle",
			"id": "subs_toggle",
			"title": "subs_title",
			"description": "subs_desc",
			"callback": "SetOption",
			"callback_arguments" : "custom_subs",
			"value": "custom_subs",
			"default_value": true,
			"is_parent" : true
		},
		{
			"type" : "divider",
			"size" : 8
		},
		{
		    "type": "slider",
			"id": "sub_text_slider",
			"title": "sub_text_title",
			"description": "sub_text_desc",
			"callback": "SetOption",
			"callback_arguments" : "SubAlpha",
			"parent" : "subs_toggle",
			"value": "SubAlpha",
			"max": 1,
            "min": 0,
            "step": 1,
            "default_value": 1
		},
		{
			"type": "color_select",
			"id": "hint_color_select",
			"title": "HotlineMiamiHudSubTitleID",
			"description": "HotlineMiamiHudColorOption",
			"value": "Sub",
			"default_value": [102, 255, 153],
			"callback": "SetColorOption",
			"callback_arguments": "Sub",
			"parent" : "subs_toggle"
		}
	]
}