{
	"menu_id": "hmh_tab",
	"parent_menu": "hmh_menu",
	"title": "hmh_tab_title",
	"items": [
		{
			"type": "toggle",
			"id": "tab_toggle",
			"title": "tab_title",
			"description": "tab_desc",
			"callback": "SetOption",
			"callback_arguments" : "tab",
			"value": "tab",
			"default_value": true,
			"is_parent" : true
		},
		{
			"type": "divider",
			"size": 4
		},
		{
			"type": "toggle",
			"id": "custom_tab_color_toggle",
			"title": "custom_tab_color_title",
			"description": "custom_tab_color_desc",
			"callback": "SetOption",
			"callback_arguments" : "custom_tab_color",
			"value": "custom_tab_color",
			"default_value": true,
			"parent" : "tab_toggle"
		},
		{
			"type": "divider",
			"size": 8
		},
		{
			"type": "toggle",
			"id": "enemy_count_toggle",
			"title": "enemy_count_title",
			"description": "enemy_count_desc",
			"callback": "SetOption",
			"callback_arguments" : "enemy_count",
			"value": "enemy_count",
			"default_value": true,
			"parent" : "tab_toggle"
		},
		{
			"type": "divider",
			"size": 8
		},
		{
			"type": "toggle",
			"id": "crew_loadout_tab_toggle",
			"title": "crew_loadout_tab_title",
			"description": "crew_loadout_tab_desc",
			"callback": "SetOption",
			"callback_arguments" : "crew_loadout_tab",
			"value": "crew_loadout_tab",
			"default_value": true	
		}
	]
}