{
	"menu_id": "hmh_menu_timer",
	"parent_menu": "hmh_menu",
	"h" : 500,
	"title": "hmh_timer_title",
	"items": [
		{
			"type": "toggle",
			"id": "timer_toggle",
			"title": "timer_title",
			"description": "timer_desc",
			"callback": "SetOption",
			"callback_arguments" : "timer",
			"value": "timer",
			"default_value": true,
			"is_parent" : true
		},
		{
			"type" : "divider",
			"size" : 8
		},
		{
			"type": "color_select",
			"id": "timer_color_select",
			"title": "HotlineMiamiHudTimerTitleID",
			"description": "HotlineMiamiHudColorOption",
			"value": "TimerColor",
			"default_value": [102, 255, 255],
			"callback": "SetColorOption",
			"callback_arguments": "TimerColor",
			"parent" : "timer_toggle"
		}
	]
}