{
	"menu_id": "hmh_menu_waypoints",
	"parent_menu_id": "hmh_menu",
	"title": "hmh_waypoints_title",
	"description": "hmh_waypoints_desc",
	"items": [
		{
			"type": "toggle",
			"id": "waypoints_toggle",
			"title": "waypoints_title",
			"description": "waypoints_desc",
			"callback": "callback_waypoints",
			"value": "waypoints",
			"default_value": true
			
		},
		{
			"type": "slider",
			"id": "waypoint_alpha_slider",
			"title": "waypoint_alpha_title",
			"description": "waypoint_alpha_desc",
			"callback": "callback_waypoint_alpha",
			"value": "waypoint_alpha",
			"max": 1,
            "min": 0,
            "step": 0.01,
            "default_value": 1
		},
		{
			"type": "divider",
			"size": 16
		},
		{
			"type": "toggle",
			"id": "greenciv_toggle",
			"title": "greenciv_title",
			"description": "greenciv_desc",
			"callback": "callback_greenciv",
			"value": "greenciv",
			"default_value": true
		}
	]
}