{
	"menu_id": "hmh_buff_list_menu",
	"parent_menu": "hmh_hud_options",
	"title": "hmh_buff_list_title",
	"h" : 500,
	"items": [
		{
			"type": "toggle",
			"id": "inspire_toggle",
			"title": "inspire_title",
			"description": "inspire_desc",
			"callback": "SetOption",
			"callback_arguments" : "inspire",
			"value": "inspire",
			"default_value": true,
			"is_parent" : true
		},
		{
			"type": "slider",
			"id": "inspire_timer_x_slider",
			"title": "inspire_timer_x_title",
			"description": "inspire_timer_x_desc",
			"callback": "SetOption",
			"callback_arguments" : "timer_x",
			"value": "timer_x",
			"max": 123,
			"min": 0,
			"step": 1,
			"default_value": 123,
			"parent" : "inspire_toggle"
		},
		{
			"type": "slider",
			"id": "inspire_timer_y_slider",
			"title": "inspire_timer_y_title",
			"description": "inspire_timer_y_desc",
			"callback": "SetOption",
			"callback_arguments" : "timer_y",
			"value": "timer_y",
			"max": 67,
			"min": 0,
			"step": 1,
			"default_value": 43,
			"parent" : "inspire_toggle"
		},
		{
			"type": "color_select",
			"id": "inspire_icon_color_select",
			"title": "HotlineMiamiHudInspireIconTitleID",
			"description": "HotlineMiamiHudColorOption",
			"value": "InspireIcon",
			"default_value": [255, 128, 223],
			"callback": "SetColorOption",
			"callback_arguments": "InspireIcon",
			"parent" : "inspire_toggle"
		},
		{
			"type": "color_select",
			"id": "inspire_timer_color_select",
			"title": "HotlineMiamiHudInspireTimerTitleID",
			"description": "HotlineMiamiHudColorOption",
			"value": "InspireTimer",
			"default_value": [102, 255, 255],
			"callback": "SetColorOption",
			"callback_arguments": "InspireTimer",
			"parent" : "inspire_toggle"
		},
		{
			"type": "divider",
			"size": 16
		},
		{
			"type": "toggle",
			"id": "bloodthirst_toggle",
			"title": "bloodthirst_title",
			"description": "bloodthirst_desc",
			"callback": "SetOption",
			"callback_arguments" : "Bloodthirst",
			"value": "Bloodthirst",
			"default_value": true,
			"is_parent" : true
		},
		{
			"type": "slider",
			"id": "bloodthirst_min_kills_slider",
			"title": "bloodthirst_min_kills_title",
			"description": "bloodthirst_min_kills_desc",
			"callback": "SetOption",
			"callback_arguments" : "BloodthirstMinKills",
			"value": "BloodthirstMinKills",
			"max": 16,
			"min": 2,
			"step": 0,
			"default_value": 6,
			"parent" : "bloodthirst_toggle"
		},
		{
			"type": "divider",
			"size": 8
		},
		{
			"type": "slider",
			"id": "bloodthirst_x_slider",
			"title": "bloodthirst_x_title",
			"description": "bloodthirst_x_desc",
			"callback": "SetOption",
			"callback_arguments" : "BloodthirstX",
			"value": "BloodthirstX",
			"max": 123,
			"min": 0,
			"step": 1,
			"default_value": 123,
			"parent" : "bloodthirst_toggle"
		},
		{
			"type": "slider",
			"id": "bloodthirst_y_slider",
			"title": "bloodthirst_y_title",
			"description": "bloodthirst_y_desc",
			"callback": "SetOption",
			"callback_arguments" : "BloodthirstY",
			"value": "BloodthirstY",
			"max": 67,
			"min": 0,
			"step": 1,
			"default_value": 38,
			"parent" : "bloodthirst_toggle"
		},
		{
			"type": "color_select",
			"id": "bloodthirst_icon_color_select",
			"title": "HotlineMiamiHudInspireIconTitleID",
			"description": "HotlineMiamiHudColorOption",
			"value": "BloodthirstIcon",
			"default_value": [255, 128, 223],
			"callback": "SetColorOption",
			"callback_arguments": "BloodthirstIcon",
			"parent" : "bloodthirst_toggle"
		},
		{
			"type": "color_select",
			"id": "bloodthirst_text_color_select",
			"title": "HotlineMiamiHudInspireTimerTitleID",
			"description": "HotlineMiamiHudColorOption",
			"value": "BloodthirstText",
			"default_value": [102, 255, 255],
			"callback": "SetColorOption",
			"callback_arguments": "BloodthirstText",
			"parent" : "bloodthirst_toggle"
		}
	]
}