{
	"menu_id": "hmh_enhanced_loadout_options",
	"parent_menu": "hmh_menu",
	"title": "hmh_enhanced_loadout_options_title",
	"items": [
		{
			"type": "toggle",
			"id": "crew_loadout_toggle",
			"title": "crew_loadout_title",
			"description": "crew_loadout_desc",
			"callback": "SetOption",
			"callback_arguments": "crew_loadout",
			"value": "crew_loadout",
			"default_value": true
		},
		{
			"type": "divider",
			"size": 8
		},
		{
			"type": "toggle",
			"id": "crew_loadout_briefing_toggle",
			"title": "crew_loadout_briefing_title",
			"description": "crew_loadout_briefing_desc",
			"callback": "SetOption",
			"callback_arguments": "crew_loadout_briefing",
			"value": "crew_loadout_briefing",
			"default_value": true
		}
	]
}