<?xml version="1.0"?>
<mod>
	<!-- Main code -->
    <hooks script_path="lua/">
		<group hook_id="core/lib/">
		    <group :hook_id="utils/">
                <pre :hook_id="coreapp" script_path="HMH.lua"/>
			</group>

			<group :hook_id="managers/subtitle/">
		        <post :hook_id="coresubtitlepresenter" :script_path="subs.lua"/>
			</group>
        </group>

	    <group hook_id="lib/">
			<group :hook_id="managers/">
                <post :hook_id="menumanager"   :script_path="menu.lua" />
                <post :hook_id="hudmanager"    :script_path="waypoint.lua"/>
				<post :hook_id="playermanager" :script_path="bulletstorm.lua"/>

				<group :hook_id="hudmanagerpd2">
     		      	<post :script_path="downcounter.lua"/>
				    <post :script_path="bulletstorm.lua"/>
				    <post :script_path="ecm.lua"/>
				    <post :script_path="custom_interaction.lua"/>
				    <post :script_path="customchat.lua"/>
					<post :script_path="scripts.lua"/>
                </group>

				<group :hook_id="group_ai_states/groupaistatebase">
					<post :script_path="downcounter.lua"/>
					<post :script_path="greenciv.lua"/>
				</group>

                <group :hook_id="menu/">
				    <post :hook_id="circleguiobject" :script_path="custom_interaction.lua"/>
					<post :hook_id="stageendscreengui" :script_path="scripts.lua"/>
					<post :hook_id="lootdropscreengui" :script_path="scripts.lua"/>
                </group>

			    <group :hook_id="hud/">
			        <post :hook_id="hudheisttimer"    :script_path="timer.lua"/>
           	        <post :hook_id="hudtemp"          :script_path="carry.lua"/>
	                <post :hook_id="hudpresenter"     :script_path="presenter.lua"/>
		            <post :hook_id="hudobjectives"    :script_path="objectives.lua"/>
		            <post :hook_id="hudhint"          :script_path="hint.lua"/>
				    <post :hook_id="hudplayerdowned"  :script_path="downed.lua"/>
	                <post :hook_id="hudassaultcorner" :script_path="assault.lua"/>
		            <post :hook_id="hudplayercustody" :script_path="custody.lua"/>
		            <post :hook_id="hudchat"          :script_path="customchat.lua"/>

					<group :hook_id="hudteammate">
				        <post :script_path="bulletstorm.lua"/>
	                    <post :script_path="downcounter.lua"/>
                        <post :script_path="teammate.lua"/>
                    </group>

					<group :hook_id="hudinteraction">
				        <post :script_path="custom_interaction.lua"/>
		                <post :script_path="interact.lua"/>
                    </group>
			    </group>
            </group>
            
			<group :hook_id="states/ingamewaitingforplayers">
			    <post :script_path="scripts.lua"/>
			</group>	

			<group :hook_id="units/">
					<group :hook_id="equipment/ecm_jammer/ecmjammerbase">
					    <post :script_path="ecm.lua"/>
                    </group>

					<group :hook_id="interactions/interactionext">
					    <post :script_path="interact.lua"/>
                    </group>

					<group :hook_id="beings/player/states/playerstandard">
			            <post :script_path="inspirecooldown.lua"/>
						<post :script_path="scripts.lua"/>
			        </group>
		    </group>

			<group :hook_id="tweak_data/tweakdata">
				<post :script_path="peercolor.lua"/>
			</group>

			<group :hook_id="network/handlers/unitnetworkhandler">
			    <post :script_path="downcounter.lua"/>
				<post :script_path="scripts.lua"/>
			</group>
        </group>
    </hooks>

	<!-- Custom Textures -->
    <:include src="assets/assets.xml"/>
</mod>
