<?xml version="1.0"?>
<mod>
	<!-- Main code -->
	<hooks script_path="lua/">
		<group hook_id="core/lib/">
			<group :hook_id="utils/">
				<pre :hook_id="coreapp" script_path="HMHCore.lua"/>
			</group>

			<group :hook_id="managers/subtitle/">
				<post :hook_id="coresubtitlepresenter" :script_path="Subtitles.lua"/>
			</group>
		</group>

		<group hook_id="lib/">
			<group :hook_id="setups/setup">
				<post :script_path="LoadTextures.lua"/>
			</group>

			<group :hook_id="entry">
				<post :script_path="QuickInputMenu.lua"/>
				<post :script_path="LoadoutPanel.lua"/>
			</group>

			<group :hook_id="managers/">
				<post :hook_id="hudmanager"          		:script_path="Waypoints.lua"/>
				<post :hook_id="statisticsmanager"   		:script_path="KillCounter.lua"/>
				<post :hook_id="menumanagerdialogs"  		:script_path="MenuTweak.lua"/>
				<post :hook_id="missionassetsmanager"  		:script_path="MenuTweak.lua"/>
				<post :hook_id="systemmenumanager"   		:script_path="InputDialog.lua"/>
				<post :hook_id="preplanningmanager"  		:script_path="PrePlanManager.lua"/>
				<post :hook_id="multiprofilemanager" 		:script_path="ProfileMenu.lua"/>
				<post :hook_id="trademanager"      			:script_path="TradeDelay.lua"/>
				<post :hook_id="moneymanager"        		:script_path="TradeDelay.lua"/>
				<post :hook_id="objectinteractionmanager"	:script_path="LootCounter.lua"/>
				<group :hook_id="menumanager">
					<post script_path="HMHMenu.lua" />
					<post :script_path="ModMenu.lua" />
					<post :script_path="MenuTweak.lua"/>
					<post :script_path="PrePlanManager.lua"/>
					<post :script_path="ProfileMenu.lua"/>
				</group>	
				<group :hook_id="playermanager">
					<post :script_path="ComboCounter.lua"/>
					<post :script_path="HeadshotIcon.lua"/>
					<post :script_path="Abilities.lua"/>
				</group>
				<group :hook_id="dialogs/specializationdialog">
					<post :script_path="InputDialog.lua"/>
				</group>

				<group :hook_id="hudmanagerpd2">
					<post :script_path="ECMTimer.lua"/>
					<post :script_path="ComboCounter.lua"/>
					<post :script_path="Abilities.lua"/>
					<post :script_path="Scale.lua"/>
				</group>

				<group :hook_id="group_ai_states/">
					<group :hook_id="groupaistatebase">
						<post :script_path="PacifiedCivs.lua"/>
					</group>
				
					<group :hook_id="groupaistatebesiege">
						<post :script_path="CaptainBuff.lua"/>
					</group>
				</group>

				<group :hook_id="menu/">
					<post :hook_id="stageendscreengui"              :script_path="MenuTweak.lua"/>
					<post :hook_id="lootdropscreengui"              :script_path="MenuTweak.lua"/>
					<post :hook_id="blackmarketgui"                 :script_path="MenuTweak.lua"/>
					<post :hook_id="skilltreeguinew"                :script_path="MenuTweak.lua"/>
					<post :hook_id="menuscenemanager"               :script_path="MenuTweak.lua"/>
					<post :hook_id="specializationboxgui"           :script_path="InputDialog.lua"/>
					<post :hook_id="multiprofileitemgui"            :script_path="ProfileMenu.lua"/>
					<post :hook_id="contractboxgui"                 :script_path="EnhancedCrewLoadout.lua"/>
					<post :hook_id="crimespreedetailsmenucomponent" :script_path="EnhancedCrewLoadout.lua"/>
					<group :hook_id="missionbriefinggui">
						<post :script_path="ProfileMenu.lua"/>
						<post :script_path="EnhancedCrewLoadout.lua"/>
					</group>
					<group :hook_id="renderers/menunodeskillswitchgui">
						<post :script_path="MenuTweak.lua"/>
						<post :script_path="ProfileMenu.lua"/>
					</group>
				</group>

				<group :hook_id="hud/">
					<post :hook_id="hudheisttimer"          :script_path="TimerPanel.lua"/>
					<post :hook_id="hudtemp"                :script_path="CarryPanel.lua"/>
					<post :hook_id="hudpresenter"           :script_path="PresenterPanel.lua"/>
					<post :hook_id="hudhint"                :script_path="HintPanel.lua"/>
					<post :hook_id="hudplayerdowned"        :script_path="DownedPanel.lua"/>
					<post :hook_id="hudassaultcorner"       :script_path="AssaultPanel.lua"/>
					<post :hook_id="hudplayercustody"       :script_path="CustodyPanel.lua"/>
					<post :hook_id="hudstatsscreenskirmish" :script_path="TabStats.lua"/>
					<post :hook_id="hudobjectives"          :script_path="ObjectivesPanel.lua"/>
					<post :hook_id="hudhitconfirm"          :script_path="HeadshotIcon.lua"/>
					<post :hook_id="hudwaitinglegend"       :script_path="PromtPanel.lua"/>
					<group :hook_id="hudteammate">
						<post :script_path="TeamPanel.lua"/>
						<post :script_path="Abilities.lua"/>
					</group>
					<group :hook_id="hudinteraction">
						<post :script_path="InteractionPanel.lua"/>
					</group>
					<group :hook_id="newhudstatsscreen">
						<post :script_path="TabStats.lua"/>
						<post :script_path="EnhancedCrewLoadout.lua"/>
					</group>
				</group>
			</group>
			
			<group :hook_id="states/ingamewaitingforplayers">
				<post :script_path="MenuTweak.lua"/>
			</group>	

			<group :hook_id="units/">
					<group :hook_id="equipment/ecm_jammer/ecmjammerbase">
						<post :script_path="ECMTimer.lua"/>
					</group>

					<group :hook_id="interactions/interactionext">
						<post :script_path="InteractionPanel.lua"/>
					</group>

					<group :hook_id="beings/player/">
						<post :hook_id="playerinventory" :script_path="ECMTimer.lua"/>
						<post :hook_id="playerdamage"    :script_path="Scripts.lua"/>
					</group>
			</group>

			<group :hook_id="tweak_data/tweakdata">
				<post :script_path="HudColors.lua"/>
			</group>
		</group>
	</hooks>

	<!-- Custom Textures -->
	<:include src="assets/assets.xml"/>
</mod>