<mod name="HotlineMiamiHud" global_key="hotlinemiamihud">
    <Options name="Options" auto_build_menu="true" auto_load="true" save_file="hmh_colors.txt">
	    <options>
			<option type="color" default_value="Color(0.40000000596046, 1, 1)" name="Timer" desc_id="HotlineMiamiHudColorOption"/>
			<option type="color" default_value="Color(1, 0.80000001192093, 0.40000000596046)" name="Interaction" desc_id="HotlineMiamiHudColorOption"/>
			<option type="color" default_value="Color(1, 0.80000001192093, 0.40000000596046)" name="Hint" desc_id="HotlineMiamiHudColorOption"/>
			<option type="color" default_value="Color(0.40000000596046, 1, 0.60000002384186)" name="Sub" desc_id="HotlineMiamiHudColorOption"/>
			<option type="color" default_value="Color(0.40000000596046, 1, 1)" name="DownedTimer" desc_id="HotlineMiamiHudColorOption"/>
			<option type="color" default_value="Color(1, 0.50196081399918, 0.87450981140137)" name="DownedText" desc_id="HotlineMiamiHudColorOption"/>

			<divider name="Divider" size="20"/>
            <button name="Assault" desc_id="HotlineMiamiHudColorOption"/>
			<divider name="Divider" size="4"/>
			<option type="color" default_value="Color(1, 0.80000001192093, 0.40000000596046)" name="AssaultText" desc_id="HotlineMiamiHudColorOption"/>
			<option type="color" default_value="Color(0.40000000596046, 1, 0.60000002384186)" name="CasingText" desc_id="HotlineMiamiHudColorOption"/>
			<option type="color" default_value="Color(1, 0.50196081399918, 0.87450981140137)" name="CasingIcon" desc_id="HotlineMiamiHudColorOption"/>
			<option type="color" default_value="Color(0.40000000596046, 1, 1)" name="NoReturnText" desc_id="HotlineMiamiHudColorOption"/>
			<option type="color" default_value="Color(1, 0.40000000596046, 0.40000000596046)" name="NoReturnIcon" desc_id="HotlineMiamiHudColorOption"/>
			<option type="color" default_value="Color(1, 0.40000000596046, 0.40000000596046)" name="NoReturnTimer" desc_id="HotlineMiamiHudColorOption"/>
			<option type="color" default_value="Color(1, 0.40000000596046, 0.40000000596046)" name="HoldoutText" desc_id="HotlineMiamiHudColorOption"/>
			<option type="color" default_value="Color(1, 0.40000000596046, 0.40000000596046)" name="CaptainText" desc_id="HotlineMiamiHudColorOption"/>
		    <option type="color" default_value="Color(1, 0.80000001192093, 0.40000000596046)" name="CaptainBuffIcon" desc_id="HotlineMiamiHudColorOption"/>
			<option type="color" default_value="Color(0.40000000596046, 1, 1)" name="HostagesText" desc_id="HotlineMiamiHudColorOption"/>
			<option type="color" default_value="Color(1, 0.50196081399918, 0.87450981140137)" name="HostagesIcon" desc_id="HotlineMiamiHudColorOption"/>
			<option type="color" default_value="Color(0.40000000596046, 1, 1)" name="WavesText" desc_id="HotlineMiamiHudColorOption"/>
			<option type="color" default_value="Color(1, 0.50196081399918, 0.87450981140137)" name="WavesIcon" desc_id="HotlineMiamiHudColorOption"/>
			<option type="color" default_value="Color(0.40000000596046, 1, 1)" name="ECMText" desc_id="HotlineMiamiHudColorOption"/>
			<option type="color" default_value="Color(1, 0.50196081399918, 0.87450981140137)" name="ECMIcon" desc_id="HotlineMiamiHudColorOption"/>
		    <option type="color" default_value="Color(0.40000000596046, 1, 0.60000002384186)" name="ECMUpgradeIcon" desc_id="HotlineMiamiHudColorOption"/>

			<divider name="Divider" size="20"/>
            <button name="Custody" desc_id="HotlineMiamiHudColorOption"/>
			<divider name="Divider" size="4"/>
			<option type="color" default_value="Color(0.40000000596046, 1, 0.60000002384186)" name="CustodyReleased" desc_id="HotlineMiamiHudColorOption"/>
			<option type="color" default_value="Color(0.40000000596046, 1, 1)" name="CustodyTimer" desc_id="HotlineMiamiHudColorOption"/>
			<option type="color" default_value="Color(1, 0.40000000596046, 0.40000000596046)" name="Civillans" desc_id="HotlineMiamiHudColorOption"/>
			<option type="color" default_value="Color(1, 0.80000001192093, 0.40000000596046)" name="Trade" desc_id="HotlineMiamiHudColorOption"/>

			<divider name="Divider" size="20"/>
            <button name="Objectives" desc_id="HotlineMiamiHudColorOption"/>
			<divider name="Divider" size="4"/>
			<option type="color" default_value="Color(0.40000000596046, 1, 1)" name="ObjectiveText" desc_id="HotlineMiamiHudColorOption"/>
			<option type="color" default_value="Color(1, 0.50196081399918, 0.87450981140137)" name="ObjectiveIcon" desc_id="HotlineMiamiHudColorOption"/>
			<option type="color" default_value="Color(1, 0.80000001192093, 0.40000000596046)" name="ObjectiveAmount" desc_id="HotlineMiamiHudColorOption"/>
			
			<divider name="Divider" size="20"/>
			<button name="Presenter" desc_id="HotlineMiamiHudColorOption"/>
			<divider name="Divider" size="4"/>
			<option type="color" default_value="Color(0.40000000596046, 1, 0.60000002384186)" name="PresenterTitle" desc_id="HotlineMiamiHudColorOption"/>
			<option type="color" default_value="Color(0.40000000596046, 1, 1)" name="PresenterText" desc_id="HotlineMiamiHudColorOption"/>
			
			<divider name="Divider" size="20"/>
			<button name="Waypoint" desc_id="HotlineMiamiHudColorOption"/>
			<divider name="Divider" size="4"/>
			<option type="color" default_value="Color(0.40000000596046, 1, 0.60000002384186)" name="WaypointIcon" desc_id="HotlineMiamiHudColorOption"/>
			<option type="color" default_value="Color(0.40000000596046, 1, 1)" name="WaypointDist" desc_id="HotlineMiamiHudColorOption"/>
			<option type="color" default_value="Color(0.40000000596046, 1, 1)" name="WaypointArrow" desc_id="HotlineMiamiHudColorOption"/>
			
			<divider name="Divider" size="20"/>
            <button name="Team" desc_id="HotlineMiamiHudColorOption"/>
			<divider name="Divider" size="4"/>
			<option type="color" default_value="Color(0.40000000596046, 1, 1)" name="GrenadeText" desc_id="HotlineMiamiHudColorOption"/>
			<option type="color" default_value="Color(1, 0.50196081399918, 0.87450981140137)" name="GrenadeIcon" desc_id="HotlineMiamiHudColorOption"/>
			<option type="color" default_value="Color(0.40000000596046, 1, 1)" name="EquipmentText" desc_id="HotlineMiamiHudColorOption"/>
			<option type="color" default_value="Color(1, 0.50196081399918, 0.87450981140137)" name="EquipmentIcon" desc_id="HotlineMiamiHudColorOption"/>
			<option type="color" default_value="Color(1, 0.50196081399918, 0.87450981140137)" name="CabletiesIcon" desc_id="HotlineMiamiHudColorOption"/>
			<option type="color" default_value="Color(0.40000000596046, 1, 1)" name="CabletiesText" desc_id="HotlineMiamiHudColorOption"/>
			<option type="color" default_value="Color(0.40000000596046, 1, 0.60000002384186)" name="PrimFiremode" desc_id="HotlineMiamiHudColorOption"/>
			<option type="color" default_value="Color(0.40000000596046, 1, 1)" name="SecFiremode" desc_id="HotlineMiamiHudColorOption"/>
			<option type="color" default_value="Color(1, 0.80000001192093, 0.40000000596046)" name="LowAmmo" desc_id="HotlineMiamiHudColorOption"/>
		    <option type="color" default_value="Color(0.40000000596046, 1, 0.60000002384186)" name="TotalAmmo" desc_id="HotlineMiamiHudColorOption"/>
			<option type="color" default_value="Color(0.40000000596046, 1, 1)" name="ClipAmmo" desc_id="HotlineMiamiHudColorOption"/>
			<divider name="Divider" size="8"/>
			<option type="color" default_value="Color(0.40000000596046, 1, 0.60000002384186)" name="Player1" desc_id="HotlineMiamiHudColorOption"/>
			<option type="color" default_value="Color(0.40000000596046, 1, 1)" name="Player2" desc_id="HotlineMiamiHudColorOption"/>
			<option type="color" default_value="Color(1, 0.40000000596046, 0.40000000596046)" name="Player3" desc_id="HotlineMiamiHudColorOption"/>
			<option type="color" default_value="Color(1, 0.80000001192093, 0.40000000596046)" name="Player4" desc_id="HotlineMiamiHudColorOption"/>
		    <option type="color" default_value="Color(0.2, 0.8, 1)" name="PlayerAi" desc_id="HotlineMiamiHudColorOption"/>
			<option type="color" default_value="Color(1, 0.50196081399918, 0.87450981140137)" name="System" desc_id="HotlineMiamiHudColorOption"/>
        </options>
    </Options>
</mod>
