<?xml version="1.0"?>
<assets base_path="assets/" load="startup">
	<group name="pd2_mod_hmh/" path="assets/pd2_mod_hmh/">
		<file :name="screeneffect.texture"               :path="screeneffect.texture"/>
		<file :name="hmcc_font.font"                     :path="hmcc_font.font"/>
		<file :name="hmcc_font.texture"                  :path="hmcc_font.texture"/>
		<file :name="hmcc_bg.texture"                    :path="hmcc_bg.texture"/>
		<file :name="Headshot_confirm.texture"           :path="Headshot_confirm.texture"/>
		<file :name="Headshot_confirm_blessings.texture" :path="Headshot_confirm_blessings.texture"/>
		<file :name="animate_health_circle.texture" 	 :path="animate_health_circle.texture"/>
		<file :name="health_cooldown_icon.texture" 	 	 :path="health_cooldown_icon.texture"/>

		<!-- Menu textures -->
		<file :name="check_bg.texture"     :path="check_bg.texture"/>
		<file :name="check.texture"        :path="check.texture"/>
	</group>
</assets>