<?xml version="1.0"?>
<assets base_path="assets/" load="startup">
    <group name="guis/textures/pd2_mod_hmh/" path="assets/guis/textures/pd2_mod_hmh/">
        <file :name="hud_health.texture"           :path="hud_health.texture"/>
        <file :name="hud_progress_active.texture"  :path="hud_progress_active.texture"/>
        <file :name="hud_progress_bg.texture"      :path="hud_progress_bg.texture"/>
        <file :name="hud_progress_invalid.texture" :path="hud_progress_invalid.texture"/>
		<file :name="screeneffect.texture"         :path="screeneffect.texture"/>
		<file :name="hmcc_font.font"               :path="hmcc_font.font"/>
        <file :name="hmcc_font.texture"            :path="hmcc_font.texture"/>
		<file :name="hmcc_bg.texture"              :path="hmcc_bg.texture"/>
    </group>
</assets>