{
	"menu_id": "hmh_hud_custody_downed_menu",
	"parent_menu": "hmh_hud_menu",
	"title": "hmh_hud_custody_downed_title",
	"h" : 500,
	"items": [
		{
			"type" : "label",
			"parent" : "downed_toggle",
			"title" : "hmh_downed_panel_text"
		},
		{
			"type": "toggle",
			"id": "downed_toggle",
			"title": "downed_title",
			"description": "downed_desc",
			"callback": "SetOption",
			"callback_arguments" : "downed",
			"value": "downed",
			"default_value": true,
			"is_parent" : true
		},
		{
			"type": "slider",
			"id": "downed_text_slider",
			"title": "downed_text_title",
			"description": "downed_text_desc",
			"callback": "SetOption",
			"callback_arguments" : "DownedAlpha",
			"parent" : "downed_toggle",
			"value": "DownedAlpha",
			"max": 1,
			"min": 0,
			"step": 1,
			"default_value": 1
		},
		{
			"type" : "divider",
			"size" : 8
		},
		{
			"type": "color_select",
			"id": "downed_text_color_select",
			"title": "HotlineMiamiHudDownedTextTitleID",
			"description": "HotlineMiamiHudColorOption",
			"value": "DownedText",
			"default_value": [255, 128, 223],
			"callback": "SetColorOption",
			"callback_arguments": "DownedText",
			"parent" : "downed_toggle"
		},
		{
			"type": "color_select",
			"id": "downed_timer_color_select",
			"title": "HotlineMiamiHudDownedTimerTitleID",
			"description": "HotlineMiamiHudColorOption",
			"value": "DownedTimer",
			"default_value": [102, 255, 255],
			"callback": "SetColorOption",
			"callback_arguments": "DownedTimer",
			"parent" : "downed_toggle"
		},
		{
			"type" : "divider",
			"size" : 45
		},
		{
			"type" : "label",
			"parent" : "downed_toggle",
			"title" : "hmh_custody_panel_text"
		},
		{
			"type": "toggle",
			"id": "custody_toggle",
			"title": "custody_title",
			"description": "custody_desc",
			"callback": "SetOption",
			"callback_arguments" : "custody",
			"value": "custody",
			"default_value": true,
			"is_parent" : true
		},
		{
			"type": "slider",
			"id": "custody_text_slider",
			"title": "custody_text_title",
			"description": "custody_text_desc",
			"callback": "SetOption",
			"callback_arguments" : "CustodyAlpha",
			"parent" : "custody_toggle",
			"value": "CustodyAlpha",
			"max": 1,
			"min": 0,
			"step": 1,
			"default_value": 1
		},
		{
			"type" : "divider",
			"size" : 8
		},
		{
			"type": "color_select",
			"id": "custody_released_color_select",
			"title": "HotlineMiamiHudCustodyReleasedTitleID",
			"description": "HotlineMiamiHudColorOption",
			"value": "CustodyReleased",
			"default_value": [102, 255, 153],
			"callback": "SetColorOption",
			"callback_arguments": "CustodyReleased",
			"parent" : "custody_toggle"
		},
		{
			"type": "color_select",
			"id": "custody_timer_color_select",
			"title": "HotlineMiamiHudCustodyTimerTitleID",
			"description": "HotlineMiamiHudColorOption",
			"value": "CustodyTimer",
			"default_value": [102, 255, 255],
			"callback": "SetColorOption",
			"callback_arguments": "CustodyTimer",
			"parent" : "custody_toggle"
		},
		{
			"type": "color_select",
			"id": "civilians_color_select",
			"title": "HotlineMiamiHudCivillansTitleID",
			"description": "HotlineMiamiHudColorOption",
			"value": "Civilans_color",
			"default_value": [255, 102, 102],
			"callback": "SetColorOption",
			"callback_arguments": "Civilans_color",
			"parent" : "custody_toggle"
		},
		{
			"type": "color_select",
			"id": "trade_color_select",
			"title": "HotlineMiamiHudTradeTitleID",
			"description": "HotlineMiamiHudColorOption",
			"value": "Trade",
			"default_value": [255, 204, 102],
			"callback": "SetColorOption",
			"callback_arguments": "Trade",
			"parent" : "custody_toggle"
		}
	]
}