{
	"menu_id": "hmh_hud_ability_menu",
	"parent_menu": "hmh_hud_menu",
	"title": "hmh_hud_ability_title",
	"items": [
        {
			"type": "toggle",
			"id": "ability_icon_toggle",
			"title": "ability_icon_title",
			"description": "ability_icon_desc",
			"callback": "SetOption",
			"callback_arguments" : "ability_icon",
			"value": "ability_icon",
			"default_value": true,
			"is_parent" : true
		},
		{
			"type": "color_select",
            "id": "Ability_icon_color_select",
            "title": "HotlineMiamiHudAbilityIconTitleID",
            "description": "HotlineMiamiHudColorOption",
            "value": "Ability_icon_color",
            "default_value": [102, 255, 255],
            "callback": "SetColorOption",
            "callback_arguments": "Ability_icon_color",
			"parent" : "ability_icon_toggle"
		},
        {
            "type" : "divider",
            "size" : 8
        },
        {
			"type": "toggle",
			"id": "bulletstorm_toggle",
			"title": "bulletstorm_title",
			"description": "bulletstorm_desc",
			"callback": "SetOption",
			"callback_arguments" : "bulletstorm",
			"value": "bulletstorm",
			"default_value": true
		},
		{
			"type": "toggle",
			"id": "stamina_toggle",
			"title": "stamina_title",
			"description": "stamina_desc",
			"callback": "SetOption",
			"callback_arguments" : "stamina",
			"value": "stamina",
			"default_value": false
		},
		{
			"type": "toggle",
			"id": "screen_effect_toggle",
			"title": "screen_effect_title",
			"description": "screen_effect_desc",
			"callback": "SetOption",
			"callback_arguments" : "screen_effect",
			"value": "screen_effect",
			"default_value": false
		},
		{
			"type": "toggle",
			"id": "inspire_toggle",
			"title": "inspire_title",
			"description": "inspire_desc",
			"callback": "SetOption",
			"callback_arguments" : "inspire",
			"value": "inspire",
			"default_value": true
		},
        {
            "type" : "divider",
            "size" : 8
        },
        {
			"type": "toggle",
			"id": "armorer_timer_toggle",
			"title": "armorer_timer_title",
			"description": "armorer_timer_desc",
			"callback": "SetOption",
			"callback_arguments" : "armorer_cooldown_timer",
			"value": "armorer_cooldown_timer",
			"default_value": false,
			"is_parent" : true
		},
        {
            "type": "color_select",
            "id": "armorer_timer_color_select",
            "title": "HotlineMiamiHudArmorerTimerTitleID",
            "description": "HotlineMiamiHudColorOption",
            "value": "armorer_cooldown_timer_color",
            "default_value": [255, 102, 102],
            "callback": "SetColorOption",
            "callback_arguments": "armorer_cooldown_timer_color",
            "parent" : "armorer_timer_toggle"
		},
        {
			"type": "toggle",
			"id": "armorer_radial_toggle",
			"title": "armorer_radial_title",
			"description": "armorer_radial_desc",
			"callback": "SetOption",
			"callback_arguments" : "armorer_cooldown_radial",
			"value": "armorer_cooldown_radial",
			"default_value": false
		},
		{
			"type": "divider",
			"size": 16
		},
		{
			"type": "toggle",
			"id": "infoboxes_toggle",
			"title": "infoboxes_title",
			"description": "infoboxes_desc",
			"callback": "SetOption",
			"callback_arguments" : "infoboxes",
			"value": "infoboxes",
			"default_value": true,
			"is_parent" : true
		},
		{
			"type": "toggle",
			"id": "pager_jam_toggle",
			"title": "pager_jam_title",
			"description": "pager_jam_desc",
			"callback": "SetOption",
			"callback_arguments" : "pager_jam",
			"value": "pager_jam",
			"default_value": true,
			"is_parent" : true,
			"parent" : "infoboxes_toggle"	
		},
		{
			"type": "divider",
			"size": 8
		},
		{
			"type": "color_select",
			"id": "ecm_text_color_select",
			"title": "HotlineMiamiHudECMTextTitleID",
			"description": "HotlineMiamiHudColorOption",
			"value": "ECMText",
			"default_value": [102, 255, 255],
			"callback": "SetColorOption",
			"callback_arguments": "ECMText",
			"parent" : "infoboxes_toggle"
					},
		{
			"type": "color_select",
            "id": "ecm_low_color_select",
            "title": "HotlineMiamiHudEcmLowTitleID",
            "description": "HotlineMiamiHudColorOption",
            "value": "ecm_low",
            "default_value": [255, 102, 102],
            "callback": "SetColorOption",
            "callback_arguments": "ecm_low",
			"parent" : "infoboxes_toggle"
		},
		{
			"type": "color_select",
            "id": "ecm_mid_color_select",
            "title": "HotlineMiamiHudEcmMidTitleID",
            "description": "HotlineMiamiHudColorOption",
            "value": "ecm_mid",
            "default_value": [255, 204, 102],
            "callback": "SetColorOption",
            "callback_arguments": "ecm_mid",
			"parent" : "infoboxes_toggle"
		},
		{
			"type": "color_select",
			"id": "ecm_icon_color_select",
			"title": "HotlineMiamiHudECMIconTitleID",
			"description": "HotlineMiamiHudColorOption",
			"value": "ECMIcon",
			"default_value": [255, 128, 223],
			"callback": "SetColorOption",
			"callback_arguments": "ECMIcon",
			"parent" : "infoboxes_toggle"
		},
		{
			"type": "color_select",
			"id": "ecm_upgrade_icon_color_select",
			"title": "HotlineMiamiHudECMUpgradeIconTitleID",
			"description": "HotlineMiamiHudColorOption",
			"value": "ECMUpgradeIcon",
			"default_value": [102, 255, 153],
			"callback": "SetColorOption",
			"callback_arguments": "ECMUpgradeIcon",
			"parent" : ["infoboxes_toggle", "pager_jam_toggle"]
		},
		{
			"type": "toggle",
			"id": "hide_hudbox_toggle",
			"title": "hide_hudbox_title",
			"description": "hide_hudbox_desc",
			"callback": "SetOption",
			"callback_arguments" : "hide_hudbox",
			"value": "hide_hudbox",
			"default_value": false,
			"parent" : "infoboxes_toggle"
		}
	]
}