{
	"menu_id" : "mui_interact_options",
	"parent_menu_id" : "mui_options",
	"position" : "section_2",
	"subposition" : "after",
	"focus_changed_callback" : "mui_options_focus",
	"focus_class" : "MUIInteract",
	"back_callback" : "mui_save_options",
	"area_bg" : "half",
	"items" : [
		{
			"type" : "slider",
			"id" : "mui_ita_size",
			"title" : "mui_size_title",
			"description" : "mui_size_desc",
			"callback" : "mui_floored_callback",
			"default_value" : 100,
			"max" : 500,
			"min" : 5,
			"step" : 1
		},
		{
			"type" : "slider",
			"id" : "mui_ita_txt_mul",
			"callback" : "mui_floored_callback",
			"default_value" : 250,
			"max" : 3000,
			"min" : 25,
			"step" : 1
		},
		{
			"type" : "slider",
			"id" : "mui_ita_alpha",
			"title" : "mui_alpha_title",
			"description" : "mui_alpha_desc",
			"callback" : "mui_floored_callback",
			"default_value" : 100,
			"max" : 100,
			"min" : 0,
			"step" : 1
		},
		{
			"type" : "slider",
			"id" : "mui_ita_gap",
			"title" : "mui_gap_size_title",
			"description" : "mui_gap_size_desc",
			"callback" : "mui_floored_callback",
			"default_value" : 10,
			"max" : 60,
			"min" : 0,
			"step" : 1
		},
		{
			"type" : "toggle",
			"id" : "mui_ita_txt_hide",
			"callback" : "mui_toggle_callback",
			"default_value" : true
		},
		{
			"type" : "divider",
			"size" : "10"
		},
		{
			"type" : "slider",
			"id" : "mui_ita_h_marg",
			"title" : "mui_margin_h_title",
			"description" : "mui_margin_h_desc",
			"callback" : "mui_floored_callback",
			"default_value" : 0,
			"max" : 2400,
			"min" : 0,
			"step" : 1
		},
		{
			"type" : "slider",
			"id" : "mui_ita_v_marg",
			"title" : "mui_margin_v_title",
			"description" : "mui_margin_v_desc",
			"callback" : "mui_floored_callback",
			"default_value" : 0,
			"max" : 2400,
			"min" : 0,
			"step" : 1
		},
		{
			"type" : "multiple_choice",
			"id" : "mui_ita_h_pos",
			"title" : "mui_position_h_title",
			"description" : "mui_position_h_desc",
			"callback" : "mui_floored_callback",
			"items" : [
				"mui_position_left",
				"mui_position_center",
				"mui_position_right"
			],
			"default_value" : 2
		},
		{
			"type" : "multiple_choice",
			"id" : "mui_ita_v_pos",
			"title" : "mui_position_v_title",
			"description" : "mui_position_v_desc",
			"callback" : "mui_floored_callback",
			"items" : [
				"mui_position_top",
				"mui_position_center",
				"mui_position_bottom"
			],
			"default_value" : 2
		},
		{
			"type" : "divider",
			"size" : "10"
		},
		{
			"type" : "button",
			"id" : "mui_reset",
			"callback" : "mui_reset_callback"
		}
	]
}
