{
	"menu_id" : "mui_subtitle_options",
	"parent_menu_id" : "mui_options",
	"position" : "section_2",
	"subposition" : "after",
	"focus_changed_callback" : "mui_options_focus",
	"focus_class" : "MUISubtitle",
	"back_callback" : "mui_save_options",
	"area_bg" : "half",
	"items" : [
		{
			"type" : "slider",
			"id" : "mui_subtitle_size",
			"description" : "mui_size_desc",
			"title" : "mui_size_title",
			"callback" : "mui_floored_callback",
			"default_value" : 200,
			"max" : 1200,
			"min" : 50,
			"step" : 1
		},
		{
			"type" : "slider",
			"id" : "mui_subtitle_alpha",
			"title" : "mui_alpha_title",
			"description" : "mui_alpha_desc",
			"callback" : "mui_floored_callback",
			"default_value" : 100,
			"max" : 100,
			"min" : 0,
			"step" : 1
		},
		{
			"type" : "slider",
			"id" : "mui_subtitle_wmul",
			"title" : "mui_wmul_title",
			"description" : "mui_wmul_desc",
			"callback" : "mui_floored_callback",
			"default_value" : 4,
			"max" : 20,
			"min" : 1,
			"step" : 1
		},
		{
			"type" : "slider",
			"id" : "mui_subtitle_rows",
			"title" : "mui_rows_title",
			"description" : "mui_rows_desc",
			"callback" : "mui_floored_callback",
			"default_value" : 6,
			"max" : 20,
			"min" : 1,
			"step" : 1
		},
		{
			"type" : "divider",
			"size" : "10"
		},
		{
			"type" : "slider",
			"id" : "mui_subtitle_limit",
			"title" : "mui_limit_title",
			"callback" : "mui_floored_callback",
			"default_value" : 3,
			"max" : 10,
			"min" : 1,
			"step" : 1
		},
		{
			"type" : "slider",
			"id" : "mui_subtitle_gap",
			"title" : "mui_gap_size_title",
			"description" : "mui_gap_size_desc",
			"callback" : "mui_floored_callback",
			"default_value" : 0,
			"max" : 120,
			"min" : 0,
			"step" : 1
		},
		{
			"type" : "multiple_choice",
			"id" : "mui_subtitle_origin",
			"title" : "mui_origin_title",
			"callback" : "mui_floored_callback",
			"items" : [
				"mui_position_top",
				"mui_position_bottom"
			],
			"default_value" : 2
		},
		{
			"type" : "slider",
			"id" : "mui_subtitle_aspd",
			"title" : "mui_aspd_title",
			"callback" : "mui_floored_callback",
			"default_value" : 500,
			"max" : 2000,
			"min" : 0,
			"step" : 100
		},
		{
			"type" : "divider",
			"size" : "10"
		},
		{
			"type" : "slider",
			"id" : "mui_subtitle_h_marg",
			"title" : "mui_margin_h_title",
			"description" : "mui_margin_h_desc",
			"callback" : "mui_floored_callback",
			"default_value" : 80,
			"max" : 2400,
			"min" : 0,
			"step" : 1
		},
		{
			"type" : "slider",
			"id" : "mui_subtitle_v_marg",
			"title" : "mui_margin_v_title",
			"description" : "mui_margin_v_desc",
			"callback" : "mui_floored_callback",
			"default_value" : 80,
			"max" : 2400,
			"min" : 0,
			"step" : 1
		},
		{
			"type" : "multiple_choice",
			"id" : "mui_subtitle_h_pos",
			"title" : "mui_position_h_title",
			"description" : "mui_position_h_desc",
			"callback" : "mui_floored_callback",
			"items" : [
				"mui_position_left",
				"mui_position_center",
				"mui_position_right"
			],
			"default_value" : 2
		},
		{
			"type" : "multiple_choice",
			"id" : "mui_subtitle_v_pos",
			"title" : "mui_position_v_title",
			"description" : "mui_position_v_desc",
			"callback" : "mui_floored_callback",
			"items" : [
				"mui_position_top",
				"mui_position_center",
				"mui_position_bottom"
			],
			"default_value" : 3
		},
		{
			"type" : "divider",
			"size" : "10"
		},
		{
			"type" : "button",
			"id" : "mui_reset",
			"callback" : "mui_reset_callback"
		}
	]

}
