{
	"menu_id" : "mui_player_options",
	"parent_menu_id" : "mui_options",
	"position" : "section_2",
	"subposition" : "before",
	"focus_changed_callback" : "mui_options_focus",
	"focus_class" : "MUITeammate",
	"back_callback" : "mui_save_options",
	"area_bg" : "half",
	"items" : [
		{
			"type" : "slider",
			"id" : "mui_player_size",
			"title" : "mui_size_title",
			"callback" : "mui_floored_callback",
			"default_value" : 42,
			"max" : 120,
			"min" : 20,
			"step" : 1
		},
		{
			"type" : "slider",
			"id" : "mui_player_alpha",
			"title" : "mui_alpha_title",
			"callback" : "mui_floored_callback",
			"default_value" : 100,
			"max" : 100,
			"min" : 0,
			"step" : 1
		},
		{
			"type" : "divider",
			"size" : "10"
		},
		{
			"type" : "multiple_choice",
			"id" : "mui_player_sp_dock",
			"title" : "mui_equip_dock_title",
			"callback" : "mui_floored_callback",
			"items" : [
				"mui_position_top",
				"mui_position_right",
				"mui_position_bottom",
				"mui_position_left"
			],
			"default_value" : 3
		},
		{
			"type" : "multiple_choice",
			"id" : "mui_player_sp_jtfy",
			"title" : "mui_special_jtfy_title",
			"description" : "mui_special_jtfy_desc",
			"callback" : "mui_floored_callback",
			"items" : [
				"mui_justify_top",
				"mui_position_center",
				"mui_justify_bot"
			],
			"default_value" : 2
		},
		{
			"type" : "slider",
			"id" : "mui_player_sp_row",
			"title" : "mui_special_row_title",
			"description" : "mui_special_row_desc",
			"callback" : "mui_floored_callback",
			"default_value" : 1,
			"max" : 4,
			"min" : 0,
			"step" : 1
		},
		{
			"type" : "divider",
			"size" : "10"
		},
		{
			"type" : "multiple_choice",
			"id" : "mui_player_clean",
			"title"	: "mui_clean_names_title",
			"description" : "mui_clean_names_desc",
			"callback" : "mui_floored_callback",
			"items" : [
				"mui_clean_names_off",
				"mui_clean_names_partial",
				"mui_clean_names_on",
				"mui_clean_names_char",
				"mui_clean_names_remove"
			],
			"default_value" : 2
		},
		{
			"type" : "multiple_choice",
			"id" : "mui_ammo",
			"callback" : "mui_floored_callback",
			"items" : [
				"mui_ammo_default",
				"mui_ammo_exclude",
				"mui_ammo_clip"
			],
			"default_value" : 1
		},
		{
			"type" : "toggle",
			"id" : "mui_player_revives",
			"title" : "mui_rev_warn_title",
			"callback" : "mui_toggle_callback",
			"default_value" : true
		},
		{
			"type" : "toggle",
			"id" : "mui_player_absorb",
			"title" : "mui_coco_abs_title",
			"callback" : "mui_toggle_callback",
			"default_value" : true
		},
		{
			"type" : "toggle",
			"id" : "mui_player_damage",
			"callback" : "mui_toggle_callback",
			"default_value" : false
		},
		{
			"type" : "toggle",
			"id" : "mui_player_stamina",
			"callback" : "mui_toggle_callback",
			"default_value" : false
		},
		{
			"type" : "toggle",
			"id" : "mui_disable_leech_support",
			"callback" : "mui_toggle_callback",
			"default_value" : false
		},
		{
			"type" : "divider",
			"size" : "10"
		},
		{
			"type" : "button",
			"id" : "mui_reset",
			"callback" : "mui_reset_callback"
		}
	]

}