{
	"menu_id" : "mui_stats_options",
	"parent_menu_id" : "mui_options",
	"position" : "section_2",
	"subposition" : "after",
	"focus_changed_callback" : "mui_options_focus",
	"focus_class" : "MUIStats",
	"back_callback" : "mui_save_options",
	"area_bg" : "half",
	"items" : [
		{
			"type" : "slider",
			"id" : "mui_stats_size",
			"description" : "mui_size_desc",
			"title" : "mui_size_title",
			"callback" : "mui_floored_callback",
			"default_value" : 60,
			"max" : 1200,
			"min" : 20,
			"step" : 1
		},
		{
			"type" : "slider",
			"id" : "mui_stats_alpha",
			"title" : "mui_alpha_title",
			"description" : "mui_alpha_desc",
			"callback" : "mui_floored_callback",
			"default_value" : 100,
			"max" : 100,
			"min" : 0,
			"step" : 1
		},
		{
			"type" : "slider",
			"id" : "mui_stats_wmul",
			"title" : "mui_wmul_title",
			"description" : "mui_wmul_desc",
			"callback" : "mui_floored_callback",
			"default_value" : 5,
			"max" : 20,
			"min" : 1,
			"step" : 1
		},
		{
			"type" : "divider",
			"size" : "10"
		},
		{
			"type" : "multiple_choice",
			"id" : "mui_stats_origin",
			"title" : "mui_origin_title",
			"callback" : "mui_floored_callback",
			"items" : [
				"mui_position_top",
				"mui_position_right",
				"mui_position_bottom",
				"mui_position_left"
			],
			"default_value" : 4
		},
		{
			"type" : "slider",
			"id" : "mui_stats_aspd",
			"title" : "mui_aspd_title",
			"callback" : "mui_floored_callback",
			"default_value" : 200,
			"max" : 2000,
			"min" : 0,
			"step" : 100
		},
		{
			"type" : "divider",
			"size" : "10"
		},
		{
			"type" : "slider",
			"id" : "mui_stats_h_marg",
			"title" : "mui_margin_h_title",
			"description" : "mui_margin_h_desc",
			"callback" : "mui_floored_callback",
			"default_value" : 60,
			"max" : 2400,
			"min" : 0,
			"step" : 1
		},
		{
			"type" : "slider",
			"id" : "mui_stats_v_marg",
			"title" : "mui_margin_v_title",
			"description" : "mui_margin_v_desc",
			"callback" : "mui_floored_callback",
			"default_value" : 60,
			"max" : 2400,
			"min" : 0,
			"step" : 1
		},
		{
			"type" : "multiple_choice",
			"id" : "mui_stats_h_pos",
			"title" : "mui_position_h_title",
			"description" : "mui_position_h_desc",
			"callback" : "mui_floored_callback",
			"items" : [
				"mui_position_left",
				"mui_position_center",
				"mui_position_right"
			],
			"default_value" : 1
		},
		{
			"type" : "multiple_choice",
			"id" : "mui_stats_v_pos",
			"title" : "mui_position_v_title",
			"description" : "mui_position_v_desc",
			"callback" : "mui_floored_callback",
			"items" : [
				"mui_position_top",
				"mui_position_center",
				"mui_position_bottom"
			],
			"default_value" : 1
		},
		{
			"type" : "divider",
			"size" : "10"
		},
		{
			"type" : "button",
			"id" : "mui_reset",
			"callback" : "mui_reset_callback"
		}
	]

}
