{
	"menu_id" : "mui_label_options",
	"parent_menu_id" : "mui_options",
	"position" : "section_2",
	"subposition" : "after",
	"focus_changed_callback" : "mui_options_focus",
	"focus_class" : "MUILabel",
	"back_callback" : "mui_save_options",
	"area_bg" : "half",
	"items" : [
		{
			"type" : "slider",
			"id" : "mui_label_size",
			"title" : "mui_size_title",
			"callback" : "mui_floored_callback",
			"default_value" : 36,
			"max" : 120,
			"min" : 16,
			"step" : 1
		},
		{
			"type" : "slider",
			"id" : "mui_label_margin",
			"callback" : "mui_floored_callback",
			"default_value" : 2,
			"max" : 20,
			"min" : 0,
			"step" : 1
		},
		{
			"type" : "slider",
			"id" : "mui_label_alpha",
			"title" : "mui_alpha_title",
			"callback" : "mui_floored_callback",
			"default_value" : 100,
			"max" : 100,
			"min" : 0,
			"step" : 1
		},
		{
			"type" : "multiple_choice",
			"id" : "mui_label_font",
			"callback" : "mui_floored_callback",
			"items" : [
				"mui_font_s",
				"mui_font_m",
				"mui_font_ms",
				"mui_font_l"
			],
			"default_value" : 3
		},
		{
			"type" : "multiple_choice",
			"id" : "mui_label_clean",
			"title"	: "mui_clean_names_title",
			"description" : "mui_clean_names_desc",
			"callback" : "mui_floored_callback",
			"items" : [
				"mui_clean_names_off",
				"mui_clean_names_partial",
				"mui_clean_names_on",
				"mui_clean_names_char",
				"mui_clean_names_remove"
			],
			"default_value" : 2
		},
		{
			"type" : "toggle",
			"id" : "mui_label_infamy",
			"callback" : "mui_toggle_callback",
			"default_value" : true
		},
		{
			"type" : "toggle",
			"id" : "mui_label_bag",
			"callback" : "mui_toggle_callback",
			"default_value" : true
		},
		{
			"type" : "toggle",
			"id" : "mui_label_level",
			"callback" : "mui_toggle_callback",
			"default_value" : true
		},
		{
			"type" : "toggle",
			"id" : "mui_label_stop",
			"callback" : "mui_toggle_callback",
			"default_value" : true
		},
		{
			"type" : "toggle",
			"id" : "mui_label_upper",
			"title" : "mui_upper_text_title",
			"description" : "mui_upper_text_desc",
			"callback" : "mui_toggle_callback",
			"default_value" : true
		},
		{
			"type" : "divider",
			"size" : "10"
		},
		{
			"type" : "button",
			"id" : "mui_reset",
			"callback" : "mui_reset_callback"
		}
	]

}